snout_X,snout_Y,snout_Z,mid1_X,mid1_Y,mid1_Z,mid2_X,mid2_Y,mid2_Z,mid3_X,mid3_Y,mid3_Z,mid4_X,mid4_Y,mid4_Z,peduncle_X,peduncle_Y,peduncle_Z,caudaltip_X,caudaltip_Y,caudaltip_Z
220.0196,479.8631,2.4768,200.6864,482.0483,-1.2590,180.5468,485.5882,-3.6317,161.3652,492.3911,-2.2713,143.1942,499.5186,1.3046,123.3166,504.7339,3.7586,102.4160,504.9538,2.6758
221.4678,480.3191,3.2205,202.5121,482.2803,0.1460,181.9881,485.1282,-3.3197,162.5125,490.8262,-3.0088,144.5831,498.7159,0.0136,124.9585,505.0589,2.8541,104.5747,506.5311,3.1432
222.9986,480.3602,3.1865,203.8611,482.6157,0.9969,183.5106,484.9179,-2.6274,163.6963,489.9515,-3.5886,145.6597,497.3507,-1.0534,126.3540,504.7279,2.4196,106.1768,507.3338,3.5454
224.4529,480.3967,3.8412,205.3477,483.1576,2.3707,184.8554,484.6336,-1.3897,164.7599,488.8427,-3.6427,146.5432,496.0169,-2.0138,127.7010,504.0284,1.6033,107.7088,508.3016,3.3665
226.0255,480.8387,3.2390,206.9657,483.3694,3.0654,186.7064,484.8048,-0.4967,166.0339,487.8548,-3.6014,147.7794,494.3574,-3.0548,128.9700,503.0472,0.4285,109.3646,508.7814,3.2025
227.6208,480.2222,2.7086,208.6516,483.7661,3.5139,187.9921,485.2485,0.8583,167.5760,487.6822,-2.7636,149.1612,492.9664,-3.3992,130.0891,501.3936,-0.7072,110.8284,508.8714,2.8015
228.8407,480.2145,2.1369,210.1289,483.9978,3.6372,189.5504,486.0119,1.8978,169.3642,487.6513,-1.9359,150.3311,491.2623,-3.6660,131.4430,499.8999,-1.5510,112.4716,508.0805,1.7892
230.3004,479.2018,0.9838,211.6693,484.1416,3.2002,191.3082,486.3630,2.7027,170.5358,487.5463,-0.4849,151.5257,490.7114,-3.3823,132.2488,498.1965,-2.8185,113.2540,507.2287,0.9405
231.3703,478.6207,-0.3037,213.2231,483.9035,2.9531,192.6639,487.1958,3.3149,172.2100,487.6153,0.3300,152.9714,489.9489,-2.7561,133.7374,496.6785,-3.2608,114.5990,505.5871,-0.4576
232.6516,477.7377,-1.4037,214.2145,483.2885,2.2648,194.4803,487.4938,3.5659,173.6955,488.6190,1.8173,154.3821,489.9962,-2.0423,134.7259,494.9026,-3.3571,115.5968,503.6875,-1.4649
233.9954,476.9864,-2.3925,215.7463,482.9749,1.2922,195.9357,487.6815,3.5189,175.6441,489.5622,2.3220,155.9298,490.0878,-1.2122,135.8450,493.3998,-3.2050,116.8173,502.0529,-2.0371
235.3080,476.3166,-2.9716,217.1649,482.3767,0.0720,197.6533,487.7422,3.1735,177.0467,490.4098,2.9163,157.6351,490.7729,0.2023,136.8873,492.6624,-3.0686,117.8806,500.1631,-3.1818
236.7940,475.4263,-3.5188,218.2446,481.1670,-1.1786,198.8501,487.3642,2.4641,178.4124,490.8792,3.5357,159.1187,491.3224,1.1545,138.5673,492.3858,-2.5046,118.8284,498.3655,-3.6233
238.1962,474.9700,-3.5977,219.5434,480.1549,-2.0417,200.3300,487.1443,1.3929,180.0787,491.3127,3.4435,160.5710,492.4575,2.1244,140.1524,492.4099,-1.4706,120.0458,496.7541,-3.4156
239.5107,474.0743,-3.3140,220.5954,479.1516,-2.7019,201.5126,485.9792,0.4288,181.6622,491.8774,3.3142,162.3753,493.3083,2.9863,141.5941,492.8935,-0.4680,121.3576,495.6879,-3.1683
240.6680,473.9050,-2.9046,221.9717,478.3872,-3.6314,202.4874,485.0165,-0.5687,183.1705,491.7133,2.4980,164.0733,493.9397,3.4770,143.0863,493.7257,0.4877,122.6687,495.5741,-2.5664
242.1771,473.5361,-1.9852,223.6656,477.6912,-3.4225,203.9369,483.9817,-1.4630,184.5307,491.2232,2.0785,165.7850,494.8429,3.6051,144.9359,495.2007,1.4741,124.1713,495.2444,-2.0212
243.6209,473.5808,-0.8260,224.7950,476.7525,-3.2780,205.0209,482.3625,-2.6719,185.7997,490.2842,1.1566,167.1765,494.9561,3.1990,146.7030,496.3441,2.4601,125.6472,495.5053,-0.9274
245.1544,473.4790,0.4897,225.9252,476.3217,-2.7567,206.3408,481.6569,-3.0686,187.1385,489.0318,-0.1708,168.7329,495.0351,2.7330,148.5574,497.1916,3.1135,127.2599,496.3889,0.0682
246.4495,473.7723,1.3221,227.7174,475.7985,-1.8462,207.5063,480.3690,-3.6075,188.1938,487.9537,-1.3215,170.3748,494.6858,1.9770,149.9691,498.0395,3.4333,129.1225,497.4815,1.4350
248.2534,474.1340,2.2348,228.9887,475.9867,-0.9785,208.6963,479.6300,-3.4672,189.5770,486.5054,-2.4725,171.3731,494.1050,0.9924,151.6175,499.0067,3.4880,130.9611,498.9265,2.3044
249.5867,474.3040,3.1232,230.4398,476.5315,-0.0665,210.1627,479.0254,-2.9924,190.7587,485.0592,-3.0227,172.4986,492.6882,-0.0567,153.2652,498.7713,3.1193,132.7099,500.3375,3.0550
251.2273,474.4131,3.8118,232.0575,476.5925,1.3369,211.6877,478.8049,-2.6254,191.8370,483.7688,-3.4876,173.6501,491.2782,-1.2703,154.4483,498.6643,2.3340,134.3990,501.3723,3.5700
252.5674,474.5222,3.4559,233.7746,476.8273,2.0588,212.9707,478.6989,-1.5140,193.0973,482.9647,-3.4695,174.8710,489.8522,-2.1184,155.9491,498.2102,1.6000,135.8631,502.4960,3.6124
253.9641,474.2960,3.3647,235.1378,477.0785,2.7679,214.5043,478.8663,-0.3492,194.6747,481.9369,-3.1722,175.9447,488.2827,-2.6778,157.0097,496.7232,0.4639,137.4865,502.9028,3.0523
255.6273,474.2294,2.9373,236.4284,477.6589,3.2750,216.1800,479.3804,0.7754,195.9174,481.3361,-2.6727,177.1867,486.7558,-3.3252,158.3250,495.6667,-0.7644,138.8899,502.9394,2.8428
256.8667,473.8753,1.9351,238.3858,478.0334,3.5710,217.6785,479.8079,1.6905,196.9992,481.3164,-1.6185,178.5046,485.7175,-3.5271,159.3507,493.8499,-1.6875,140.0622,502.3232,1.8855
258.1277,473.3605,0.8467,239.9782,478.1818,3.4593,219.5922,480.7067,2.7519,198.5724,481.6352,-0.6062,179.8602,484.9076,-3.5923,160.3459,491.8764,-2.4981,141.3708,501.0357,1.0230
259.6244,472.3507,-0.2999,241.1228,478.0916,2.8901,220.7607,480.9698,3.1315,199.9762,482.0969,0.3919,181.1191,483.9052,-2.7945,161.8522,490.3614,-3.4284,142.6218,499.6239,-0.3244
260.9336,471.6269,-1.3873,242.5381,477.5444,2.0244,222.5554,481.7279,3.4238,202.0387,482.7430,1.1810,182.7345,483.8019,-1.9125,162.8287,488.9252,-3.4791,143.7374,498.0564,-1.4619
262.3992,470.9814,-2.3086,243.7350,476.9556,0.8309,224.0265,481.9183,3.4554,203.2932,483.4437,2.3031,183.8956,483.8791,-1.3076,164.0582,487.6882,-3.6498,144.9935,495.8042,-2.4756
263.5591,469.9233,-3.0125,245.0917,476.5745,0.1730,225.6995,481.8882,2.8979,205.4230,484.3538,2.7949,185.6552,484.6833,0.1857,165.1460,486.6694,-3.0250,146.0214,494.0515,-2.9059
265.1539,469.2262,-3.4387,246.4757,475.1247,-1.1249,227.0419,481.5545,2.3914,206.8158,484.9089,3.5077,187.4178,485.5470,1.1967,166.6802,486.5128,-2.8437,146.9147,492.1193,-3.3231
266.1718,468.7038,-3.6716,247.5135,474.1044,-2.1763,228.4337,480.9077,1.2786,208.3632,485.2795,3.7013,189.0917,486.2948,2.2128,168.4530,486.5396,-1.5026,148.3753,490.7981,-3.6561
267.5628,468.3197,-3.3901,248.9846,473.4834,-3.0934,229.5229,479.9901,0.1812,210.0250,485.6390,3.4421,190.8033,487.1306,2.9156,169.8539,487.1459,-0.4768,149.3391,489.8793,-3.2306
268.8570,467.8328,-2.6050,250.3029,472.1676,-3.6439,231.1237,479.3258,-0.6817,211.2401,485.2820,2.9385,192.2533,488.1389,3.5471,171.3083,487.8957,0.5947,150.7030,489.1884,-2.6750
270.1625,467.3538,-1.6387,251.4431,471.1297,-3.6991,232.0197,477.9107,-1.8423,212.7285,485.0971,2.2191,194.0142,488.9882,3.7043,173.0496,489.0170,1.8938,152.3706,489.2248,-1.7582
271.9575,467.4209,-0.9023,252.9675,470.9397,-3.6165,233.4663,476.7849,-2.5297,213.9984,484.2710,0.9976,195.4924,488.9255,3.4033,174.7054,490.1511,2.8348,153.8413,489.6920,-1.0072
273.4622,467.6210,0.2019,254.2019,470.1419,-2.6046,234.7416,475.6594,-3.3683,215.0216,483.5473,-0.5295,197.0234,489.0595,3.0130,176.6358,491.3451,3.2154,155.4099,490.5422,0.2845
274.6487,467.6797,1.7451,255.8526,470.2545,-2.0797,235.8874,474.5115,-3.8361,216.5689,482.1571,-1.4867,198.2937,488.5965,2.1715,177.9483,492.2365,3.6067,157.3163,491.6684,1.3396
276.0902,467.8640,2.1391,257.2839,469.9668,-0.8816,237.2116,473.6922,-3.8485,217.8335,480.6398,-2.2395,199.7432,488.1226,1.1488,179.6772,492.7387,3.5794,158.7910,493.2262,2.1291
278.0163,468.2811,3.0230,258.7048,470.2610,0.0427,238.4497,473.2128,-2.9571,218.8228,479.3498,-2.9560,200.8783,486.7540,0.0701,181.4253,493.1025,3.1267,160.6500,494.4480,2.9318
279.6381,468.4752,3.3994,260.0868,470.7615,1.3089,239.7209,472.7668,-2.3186,219.8925,477.8703,-3.7415,202.0967,485.3529,-1.2700,182.7739,492.8147,2.4984,162.5896,495.3155,3.2416
280.7116,468.6466,3.6421,261.5628,470.9027,2.2243,241.2962,472.8563,-1.4043,221.3450,476.6435,-3.7358,203.0417,484.0558,-1.6585,183.9804,491.9777,1.5757,164.1158,496.4223,3.5486
282.4204,468.6888,3.3261,263.4734,471.5047,3.0221,243.1440,472.8052,-0.3555,222.9533,476.0858,-3.7199,204.2470,482.0795,-2.7259,185.4686,490.9312,0.3705,165.7566,496.7102,3.4342
283.8861,468.3307,2.7162,264.8041,471.8288,3.5712,244.5753,473.3121,0.5559,224.2169,475.7711,-2.8263,205.3105,480.9829,-3.5197,186.5503,489.3697,-0.6266,167.0202,496.7188,2.6434
285.2902,467.8940,2.0066,266.4775,471.9635,3.4304,245.9883,474.2151,1.8245,225.1596,475.3327,-1.7664,206.6808,479.7413,-3.6978,187.3497,487.8432,-1.4661,168.3905,496.1711,2.2301
286.4084,467.3392,0.9843,267.9303,472.0527,3.3227,247.5909,474.6041,2.4828,227.0027,475.5670,-0.6725,207.6679,478.5163,-3.5329,188.5705,486.0548,-3.0213,169.9818,495.1477,0.6732
287.6497,466.7231,0.1462,269.3806,471.7690,2.9178,249.2627,475.0710,3.2176,228.5462,476.3816,0.5289,209.0517,477.6398,-2.5022,189.7861,484.1727,-3.3981,170.9370,493.5644,-0.3168
289.0879,465.6800,-1.3699,270.8854,471.6134,2.4929,250.6760,475.1398,3.7792,230.0368,476.6050,1.1896,210.8552,477.9078,-1.7741,191.0018,482.8924,-3.6512,172.0396,491.9526,-1.2702
290.4095,464.9113,-2.3901,272.1689,470.8704,1.1345,252.2705,475.9329,3.4045,231.7332,477.3837,2.2418,212.1371,478.1908,-1.1807,192.1092,481.9249,-3.4737,173.2803,490.2177,-2.2348
291.4874,464.0896,-3.1579,273.3694,470.0563,-0.2839,253.9140,475.7659,3.0621,233.2006,478.4968,3.2982,213.9027,478.5090,0.3521,193.4410,480.7324,-3.0129,174.1365,488.0514,-3.0510
293.1910,463.2035,-3.5341,274.7652,469.0704,-1.1025,255.0467,475.5906,2.2598,234.9780,479.0489,3.5699,215.3372,479.6030,1.2713,194.7252,480.3972,-2.5249,174.9883,486.2378,-3.6368
294.5252,462.7804,-3.6140,275.7008,468.1492,-1.7900,256.5382,474.8911,1.5347,236.7601,479.4634,3.4120,216.9254,480.4126,1.8546,196.3542,480.7436,-1.3617,176.4880,484.8316,-3.5108
295.9701,462.0747,-3.1528,277.3404,467.4259,-2.6594,257.7228,474.4032,0.5377,238.0810,479.6680,3.3910,218.6819,481.3296,2.9847,197.8202,481.0804,-0.3862,177.7691,483.8409,-3.4239
297.1320,462.0644,-2.7671,278.5759,466.2795,-3.2378,258.9705,472.9691,-0.7387,239.4059,479.5224,2.5575,220.3310,482.0852,3.7530,199.6428,481.8956,1.1365,178.9000,482.8118,-2.6884
298.3862,461.6678,-1.7878,279.6225,465.5026,-3.5315,260.1434,471.8967,-1.7736,240.9477,479.0692,2.0182,221.9819,482.7812,3.6829,201.4436,483.1513,1.6300,180.4735,483.0567,-1.9444
300.2514,461.4585,-0.6872,281.0359,464.7828,-3.4793,261.6061,471.0777,-2.4920,242.1762,478.2353,0.8318,223.7868,483.2582,3.5136,202.9367,484.0877,2.8961,182.1522,483.4911,-0.8089
301.2037,461.7841,0.4262,282.3083,464.4521,-2.9069,263.0789,469.5564,-3.1741,243.3181,477.1128,0.0301,225.1342,483.3378,3.0313,204.7218,485.0940,3.0150,183.5856,484.4864,0.4285
303.3155,461.7798,1.3619,283.7779,464.0751,-2.0031,263.6830,468.6247,-3.5644,244.7049,475.7166,-1.4083,226.6172,482.6127,2.0706,206.3217,486.0688,3.6673,185.5628,485.2014,1.3196
304.6538,462.0963,2.3407,285.6429,463.9856,-1.2179,265.1685,467.6467,-3.2860,245.7391,474.3710,-2.0829,228.0162,481.8781,1.1501,207.8313,487.0527,3.4729,186.8973,487.0127,2.4000
306.0535,462.1028,3.2090,286.8913,464.0057,0.1889,266.6205,467.0116,-3.1839,246.9458,472.8813,-2.6947,228.8092,480.5863,0.0602,209.5439,487.0702,3.1126,189.0192,488.3255,3.2184
307.5022,462.2964,3.3817,288.2674,464.4677,1.2385,268.0877,466.7112,-2.5204,248.0000,471.6162,-3.4911,230.2844,479.4236,-1.3152,210.7606,486.9658,2.5305,190.8291,489.5389,3.2629
309.1549,462.6976,3.5656,290.1361,465.0061,2.2801,269.3444,466.9845,-1.4640,249.3237,470.3371,-3.7709,231.2336,477.6816,-1.9700,212.0850,486.0370,1.5948,192.1387,490.4407,3.7846
310.7818,462.7386,3.0740,291.5629,465.5956,2.8609,270.9231,467.0740,-0.5979,250.6620,470.1456,-3.4750,232.5518,476.4954,-3.0667,213.5970,485.0239,0.4358,193.6911,490.7596,3.4716
312.1918,462.3962,2.7575,292.8200,465.7862,3.7317,272.4921,467.4454,0.8150,251.8887,469.2357,-2.7242,233.4391,474.9216,-3.4314,214.6290,483.6337,-0.8449,195.4200,491.0624,2.5282
313.1902,461.8959,1.9235,294.8331,465.9998,3.4806,274.1079,467.8035,1.7119,253.6169,469.5146,-2.0695,234.6760,473.5398,-3.6162,215.5190,481.4668,-1.5834,196.5052,489.9746,1.9177
314.5158,461.3616,0.9174,295.8666,466.2197,3.5250,275.6964,468.6434,2.7456,254.8663,469.5442,-0.7678,236.1835,472.4341,-3.4803,217.2054,479.9518,-2.6409,197.6124,489.2917,0.8118
315.6077,460.8169,-0.4493,297.3282,466.0638,2.7561,277.1216,469.1245,3.2323,256.6572,469.8978,0.5148,237.5188,471.9940,-2.8587,217.8387,478.2343,-3.3067,199.2566,487.7157,-0.6177
317.3694,460.0981,-1.3419,299.0723,465.5256,2.3996,278.7921,469.5359,3.3331,258.0866,470.8633,1.4306,239.1939,471.9500,-2.1072,218.9326,476.9360,-3.7840,199.8214,485.9040,-1.4593
318.3806,459.2805,-2.3819,300.3102,465.0601,0.9675,280.1496,469.8384,3.2463,259.7518,471.6824,2.3159,240.2139,472.0266,-1.1924,220.2928,475.5263,-3.4102,201.5421,483.8383,-2.3861
319.7513,458.0322,-3.0960,301.4585,464.1962,-0.0507,282.0751,469.6879,3.3392,261.0805,472.4311,3.2252,242.0951,472.5091,0.1030,221.7108,474.9756,-3.2280,202.1901,481.9634,-3.1961
320.8544,457.2483,-3.3130,302.6480,462.9618,-0.9325,283.4542,469.6791,2.5031,263.4253,472.8772,3.2680,243.4537,473.4171,1.0419,223.1093,474.6210,-2.1583,203.3480,480.1640,-3.6926
322.6658,456.9308,-3.5621,303.9566,462.1380,-2.1340,284.5351,469.1953,1.4079,264.8935,473.5921,3.4675,245.0166,474.3574,2.3836,224.7741,474.8105,-1.3988,204.4793,478.7650,-3.7374
323.8779,456.0241,-3.4937,305.3769,461.2640,-3.1312,285.9688,468.0438,0.2757,266.4743,473.8451,3.4108,247.0741,475.3637,3.0665,226.2267,475.1781,-0.2645,205.5245,477.8102,-3.4119
325.3841,455.7109,-2.7408,306.5796,460.0891,-3.3749,287.2944,467.2608,-0.6159,267.6631,473.5024,2.6762,248.9229,476.1843,3.7179,227.8124,476.2010,0.5848,206.9631,477.1834,-2.5922
326.5553,455.3334,-1.8650,307.5725,459.4812,-3.3814,288.5685,465.8967,-1.7760,268.9682,473.2002,1.9255,250.2544,476.7456,3.4007,229.5059,477.0560,1.7991,208.4251,476.8682,-2.1182
327.8122,455.5946,-0.8698,309.2864,458.7163,-3.4546,289.5510,464.8886,-2.7317,270.3285,472.3788,1.2112,251.8699,477.5195,3.2111,231.2659,478.1534,2.7556,210.0370,477.9054,-0.9966
329.4406,455.4752,0.2239,310.6170,458.3746,-2.7834,291.0069,463.6340,-3.0442,271.5758,471.2747,-0.1827,253.4909,477.2198,3.2686,232.9079,479.3960,3.4349,211.7951,478.5724,0.3325
331.3498,455.8659,1.2973,312.1937,458.0995,-1.9084,292.1523,462.3973,-3.8140,272.5737,469.8073,-1.4033,254.6652,476.7076,2.3673,234.3351,480.3512,3.7080,213.9432,479.7420,1.2292
332.7412,456.3223,2.3383,313.5263,458.1523,-1.0850,293.2177,461.9188,-3.6699,273.8776,468.3616,-2.3523,255.9863,475.9643,1.2348,236.1059,480.9094,3.5934,215.3350,480.8764,2.4875
334.1068,456.1884,3.2343,315.1963,458.2211,-0.4398,294.6197,461.3609,-3.1161,275.1569,467.3587,-3.2529,257.3283,475.0804,-0.0859,237.5898,481.2043,3.1721,217.1165,482.2691,3.1305
335.6384,456.3208,3.4635,316.6609,458.5593,1.3755,296.1704,460.8483,-2.5904,276.5170,465.9874,-3.6780,258.3842,473.2396,-0.9070,239.0032,480.7743,2.4960,218.9020,483.5337,3.2890
337.0264,456.6011,3.5209,318.1645,459.0438,2.0986,297.5286,460.7661,-1.5069,277.1589,464.8081,-3.3911,259.4696,472.1054,-2.1780,240.6327,480.0157,1.8374,220.4451,484.4479,3.7084
338.5318,456.6417,3.1406,319.5134,459.5545,2.6185,299.0449,461.0476,-0.3543,279.0646,464.0639,-3.0547,260.3324,470.4294,-2.8528,241.4998,478.9387,0.4544,222.0501,485.0407,3.0715
339.7148,456.3821,2.8348,321.0864,459.9304,3.3606,300.3355,461.2980,0.4512,280.3323,463.5319,-2.8029,261.8914,468.5934,-3.2752,242.6527,477.6204,-0.4667,223.6265,484.6602,2.7692
341.3845,455.9400,1.7959,322.8210,459.9589,3.6162,302.1060,461.8268,1.7343,281.9252,463.5931,-1.8962,262.9355,467.5174,-3.5291,243.8589,475.7995,-1.8093,224.7686,484.2687,2.0416
342.6206,455.5292,0.9275,324.1471,460.0480,3.1810,303.7298,462.6794,2.9621,283.0526,463.4637,-0.8140,264.1554,466.8390,-3.3841,245.0336,474.1622,-2.5747,226.1571,483.1967,0.8883
344.0294,454.6683,-0.3082,325.7848,459.9884,2.8306,305.4129,463.1359,3.4142,284.5426,463.9152,0.1146,265.6776,466.0316,-2.9955,246.1514,472.4518,-3.4494,227.1576,481.4703,-0.1605
345.6482,453.7503,-1.1413,327.1309,459.7003,1.9727,307.1750,463.7887,3.5438,286.4853,464.6019,1.2668,266.8860,465.7335,-1.9429,247.3893,470.7929,-3.5058,228.1358,480.1826,-1.5178
346.8647,453.0424,-2.4382,328.4642,458.7234,1.3390,308.7892,464.0167,3.6575,288.1159,465.6511,2.3058,268.3283,465.9904,-0.8024,248.3823,469.6811,-3.4196,229.1353,477.9183,-2.4781
347.9532,452.2831,-3.1682,329.6065,458.0313,0.0274,309.9294,463.8890,3.1408,289.7588,466.2286,3.4169,270.2241,466.6500,-0.1381,249.6881,468.5103,-3.1522,230.6100,475.8354,-2.7181
349.2906,451.4478,-3.2470,330.9682,457.3533,-0.8749,311.4211,463.3606,2.3628,291.4178,467.1718,3.2651,271.7873,467.4899,1.2112,251.4968,468.6586,-2.4472,231.6525,474.3974,-3.4313
350.5235,450.7663,-3.4796,332.3383,456.4207,-2.0536,313.0153,463.0121,1.4663,292.9093,467.4149,3.6611,273.3715,468.4803,2.0534,252.4991,468.6131,-1.4001,232.5979,472.8172,-3.4626
351.9763,450.0315,-3.1800,333.2782,455.1617,-3.1685,313.9892,462.2701,0.1746,294.4348,467.5477,3.2470,275.1691,469.2991,2.9761,254.1606,469.2138,-0.6338,234.0596,471.7347,-3.5408
353.3430,449.8515,-2.5708,334.7294,454.3974,-3.1896,315.3275,461.1500,-0.7261,296.0465,467.6363,2.7076,276.6395,470.0945,3.4013,255.6731,470.1239,0.8568,235.0446,471.1741,-2.7868
354.6989,449.6485,-1.9221,335.9091,453.5554,-3.7258,316.7985,460.2176,-1.5564,297.1897,467.3570,1.9729,278.4046,470.8556,3.5980,257.4867,471.0125,1.8514,236.3604,471.1695,-1.9706
356.6296,449.4856,-0.8432,337.3673,452.5238,-3.2352,317.5396,458.9233,-2.7845,298.4807,466.3318,1.0586,279.9391,471.1592,3.2061,259.4232,472.0473,2.7186,238.2848,471.6334,-1.0703
357.9011,449.7475,0.2928,339.0819,452.3386,-2.7672,319.1904,457.6215,-3.1888,299.6761,465.2501,-0.3668,281.5363,471.4752,2.9168,260.9735,473.5526,3.0303,239.7248,472.5120,0.2575
359.2003,449.7396,1.5247,340.2262,452.2314,-2.3085,320.2335,456.7045,-3.4930,300.9379,464.0740,-1.5850,282.6647,471.0209,1.8125,262.7304,474.1021,3.4961,241.6154,473.6569,1.4838
360.8189,450.1363,2.1429,341.6326,452.2042,-1.0011,321.5740,455.8530,-3.4388,302.2077,462.1775,-2.3826,284.0654,470.0683,1.0612,264.4834,474.9821,3.3814,243.6533,475.2261,2.3075
362.7061,450.3811,2.9547,343.2003,452.1127,0.0683,322.8719,455.2256,-3.1434,303.4105,461.0475,-3.2383,285.0525,468.8192,-0.1902,265.8073,475.2766,3.0715,245.4286,476.5981,2.7437
364.0003,450.5289,3.5692,344.9508,452.5734,1.2689,324.3678,454.8159,-2.5072,304.4233,459.5850,-3.5623,286.4014,467.4943,-1.1103,267.1465,474.8676,2.5225,246.9411,477.4549,3.4117
365.4642,450.7966,3.4545,346.1317,452.9985,1.9447,325.8708,454.7369,-1.5497,305.6326,458.8335,-3.6777,287.6761,466.0749,-1.7735,268.7229,474.1439,1.9844,248.5142,478.3974,3.6497
366.7097,450.8113,3.4222,347.5254,453.4412,3.0511,327.5756,454.8237,-0.4591,307.1052,457.8200,-3.3979,288.9465,464.5758,-3.2054,269.6823,473.0014,0.4055,250.1631,478.8387,3.2695
368.4916,450.3446,2.8147,349.6135,453.9677,3.5363,328.8462,455.3568,0.3864,308.6042,457.6336,-2.5682,289.7296,463.0163,-3.2371,270.9167,471.5433,-0.5120,251.6153,478.8443,2.7399
369.7326,450.0998,1.8115,350.8015,454.0241,3.5947,330.5405,456.1108,1.8254,309.9240,457.5393,-2.0178,291.2293,461.3574,-3.5394,272.2022,469.8801,-1.5760,252.9338,478.0613,1.6829
370.9670,449.4596,0.7195,352.3047,454.1056,3.5448,331.9395,456.7757,2.7195,311.5247,457.6939,-0.9376,292.4111,460.7848,-3.2390,273.2279,468.1229,-2.7641,254.1176,477.1579,0.9620
372.6410,448.6566,-0.5099,353.8167,454.1980,2.9895,333.8960,457.2897,3.1381,313.0667,458.1176,0.2972,293.5082,459.9170,-3.0810,274.4305,466.1127,-3.2206,255.3487,475.9727,-0.2546
373.6405,447.9713,-1.4659,355.3886,453.3479,2.0241,335.5334,457.7518,3.5884,314.6014,458.5965,1.4852,295.0946,459.9326,-2.0897,275.3959,464.5265,-3.5814,256.7456,473.8324,-1.2436
375.0901,446.9929,-2.2936,356.5372,453.0743,1.0225,336.6175,457.9933,3.3278,316.4340,459.8246,2.0483,296.8383,460.1555,-1.1315,276.6136,463.6473,-3.6272,257.8677,472.0398,-2.7001
376.2006,446.1613,-3.0805,357.9193,452.3374,-0.0828,338.2732,457.5933,3.2917,317.8308,460.1671,3.0902,298.4150,460.7554,0.0962,277.9837,462.9844,-2.9474,258.6130,470.0297,-3.2092
377.6770,445.3884,-3.5186,359.1265,451.5099,-1.3238,339.6305,457.5159,2.7322,319.5692,460.6359,3.6433,300.0713,461.5777,1.1443,279.5621,462.5022,-2.6230,259.6581,468.1504,-3.6573
379.0883,444.7908,-3.8729,360.2920,450.5920,-2.3500,341.0281,457.0383,1.5773,320.8952,461.4950,3.4937,301.5453,462.0790,2.1952,280.8185,462.5994,-1.6690,260.8921,466.8645,-3.6676
380.1075,443.9397,-3.3663,361.9603,449.3500,-2.9900,342.4064,456.3092,0.3397,322.7485,461.5823,3.3271,303.2085,463.2447,2.9455,282.4426,463.0194,-0.2076,262.0544,466.0376,-3.2362
381.7113,443.8378,-3.1206,362.7893,448.0809,-3.4906,343.6460,455.2986,-0.7141,324.1817,461.4305,2.9749,304.8987,464.2045,3.4485,283.9965,464.1451,0.7359,263.4967,465.3877,-2.8313
382.9443,443.6199,-1.8805,364.1073,447.4161,-3.5593,344.8173,453.7811,-1.4547,325.5041,461.1141,1.7783,306.5126,464.9170,3.6174,285.8912,465.5173,1.7722,264.8837,465.1648,-1.7289
384.6991,443.4228,-0.5547,365.5409,446.9729,-3.4348,345.9400,452.8605,-2.2835,326.5397,460.4163,0.9376,308.3187,465.2258,3.3410,287.5659,466.2236,2.9318,266.2573,465.8466,-0.8546
385.9234,443.7053,0.4018,367.0264,446.4179,-2.9655,347.2888,451.5712,-3.2350,328.0865,459.3174,-0.3001,309.7275,465.2220,2.5933,289.0702,467.2218,3.4072,268.0974,466.4866,0.2210
387.3446,443.7287,1.5068,368.5189,446.1437,-2.2048,348.4685,450.4108,-3.4759,329.2626,457.9514,-1.3122,311.2281,464.7882,2.2404,291.2254,467.9159,3.5097,269.9823,467.8555,1.4643
389.0768,444.1453,2.2444,369.9049,446.2259,-0.9347,349.8212,449.8284,-3.3219,330.0405,456.4428,-2.4019,312.0968,463.9273,1.0947,292.4705,468.8741,3.5856,271.6635,469.0338,2.4368
390.5319,443.9457,3.2343,371.5673,446.3223,-0.1033,351.3940,449.1273,-3.3074,331.4858,455.1382,-3.1783,313.6396,462.8797,0.1388,294.0582,469.0309,3.3995,273.5366,470.1637,2.8431
392.0156,444.1365,3.4276,372.7454,446.6115,0.9292,352.5800,448.8888,-2.6045,332.5195,453.8519,-3.3494,314.8334,461.3449,-1.2757,295.1599,468.9296,2.4040,275.3712,471.5143,3.5643
393.4718,444.5633,3.4201,374.5912,447.1325,2.0613,353.9908,448.7358,-1.6764,333.8225,452.9562,-3.5113,316.0927,459.8200,-2.0770,296.7620,468.2541,1.2371,276.6034,472.3134,3.4077
394.9089,444.6130,3.3594,375.9908,447.2937,2.7150,355.6214,449.1134,-0.2720,335.1892,452.1488,-3.0080,316.9448,458.2175,-2.9255,298.0218,467.0643,0.2849,278.7133,472.9663,3.2701
396.5533,444.2055,2.5495,377.6094,447.8339,3.2432,357.0599,449.4755,0.6748,336.6504,451.6323,-2.6683,318.1898,456.7686,-3.2789,299.1794,465.4822,-0.5932,279.6783,472.7900,2.5439
397.6580,444.0227,1.9240,379.2980,448.0795,3.3594,358.3966,450.0430,1.9179,337.8171,451.4108,-1.7610,319.2921,455.4677,-3.4548,300.0183,463.9449,-1.8899,281.1535,472.4533,2.1812
399.2228,443.1414,0.9001,380.6750,448.0337,3.4281,360.2739,450.4607,2.5527,339.5483,451.7565,-0.8004,320.6465,454.7275,-3.4017,301.4777,462.0188,-2.5264,282.3658,471.1333,1.1098
400.4012,442.5770,-0.0861,381.8992,447.9063,2.9883,361.8421,450.9084,3.3376,341.1736,452.0802,0.2554,321.9652,454.3122,-2.8390,302.4431,460.4338,-3.5248,283.5102,469.9431,-0.1591
401.3378,442.0214,-1.3507,383.1796,447.6138,2.1579,363.4927,451.5480,3.6856,342.9050,452.7755,1.5450,323.5652,453.8295,-2.3253,303.4658,458.8865,-3.3303,284.6902,467.7301,-1.4982
403.3700,441.2226,-2.2769,384.9507,446.9842,1.0738,364.8707,451.6298,3.3694,344.4543,453.6235,2.3952,324.8898,453.8654,-0.7747,304.7217,457.6876,-3.3979,285.8982,466.4981,-2.1992
404.3780,440.0612,-2.9598,385.8901,446.3800,-0.2774,366.4091,451.9163,3.2630,346.2726,454.4050,3.0152,326.7084,454.5705,-0.0667,305.9741,456.4980,-3.0694,286.7872,464.0546,-3.0764
405.8958,439.6265,-3.4204,387.2447,445.3889,-1.1775,367.7168,451.7612,2.0993,347.7432,454.9880,3.6942,328.0743,455.6119,1.1302,307.6907,456.6558,-2.2646,287.5985,462.4905,-3.0637
407.1417,438.8882,-3.4285,388.5097,444.3826,-2.1216,369.3230,451.0049,1.6355,349.3031,455.2687,3.6399,329.9271,456.2318,2.1891,308.9489,456.8088,-1.3973,288.9567,460.4467,-3.4104
408.4949,438.1394,-3.2731,389.8388,443.1728,-2.8894,370.5039,450.1257,0.5611,350.5378,455.5383,3.5208,331.7325,457.5146,2.8192,310.7241,457.4225,-0.2097,290.1500,459.8935,-3.0635
409.5756,437.9090,-2.7501,390.9636,442.0035,-3.7291,371.6325,449.4405,-0.4145,352.1619,455.7418,2.6728,333.1510,458.2844,3.3445,312.4939,458.3749,0.8462,291.4961,459.1860,-2.7448
411.3274,437.5566,-1.9094,392.4614,441.6267,-3.6726,373.0229,448.0508,-1.7352,353.5157,455.0926,2.0918,334.8663,458.9118,3.6485,313.9225,459.0380,1.8863,293.1998,459.3577,-1.9888
412.7716,437.5362,-0.9076,393.8117,440.6198,-3.4788,373.9808,446.5564,-2.7006,354.9125,454.2068,0.7424,336.2590,459.2883,3.3603,315.8392,460.2765,2.6422,294.6803,459.6568,-0.7673
414.1127,437.9418,0.1357,395.0291,440.4583,-2.9968,375.4284,445.7035,-3.4477,356.3098,453.0877,-0.3776,337.6497,459.1769,2.6656,317.4247,461.6192,3.3373,296.2043,460.5975,0.2955
415.6590,437.7498,1.1709,396.4237,440.1774,-2.0091,376.8292,444.5796,-3.3798,357.4886,451.9600,-1.2313,338.9681,459.1714,2.0306,318.9142,462.4256,3.7309,298.1847,461.8872,1.3837
417.1322,438.2121,2.3998,398.3543,440.1107,-1.0421,377.8138,443.6453,-3.6481,358.3537,450.5772,-2.2468,340.3218,457.8199,1.1067,320.7567,462.7700,3.3021,299.8512,463.0649,2.1598
418.6604,438.2339,2.9843,399.8055,440.4744,-0.0583,379.1625,443.1147,-3.0049,359.5933,449.2936,-2.8422,341.7853,456.7891,0.2455,322.1834,463.2783,3.0191,301.3191,464.5246,2.9670
419.9822,438.4703,3.3084,401.0160,440.6378,1.1932,380.5726,442.8482,-2.3718,360.9177,447.8943,-3.4003,342.9317,455.6698,-1.0530,323.4263,462.9675,2.4322,303.3894,465.4097,3.3777
421.7647,438.4304,3.5726,402.6874,440.9092,2.1576,382.1290,442.6647,-1.6962,361.8479,446.6738,-3.7137,344.1341,453.6980,-1.8759,324.9362,462.1756,1.6848,305.0745,466.2550,3.6837
423.0357,438.5620,3.2383,403.8540,441.3483,2.9487,384.0277,443.1801,-0.6179,363.2343,445.8332,-3.2580,345.0597,452.1287,-2.7502,326.0976,461.0718,0.2431,306.4674,467.0713,3.3107
424.4046,438.2897,2.8557,405.9207,441.7876,3.6924,385.4563,443.3111,0.7577,364.8698,445.1953,-2.6219,346.4928,450.7702,-3.5920,327.4023,459.7500,-0.9739,307.9738,466.6885,2.7276
425.9276,437.8437,1.8855,407.1845,442.1426,3.6259,386.8307,443.9100,1.7380,366.1584,445.6155,-1.9694,347.5640,449.6840,-3.4779,328.4775,457.6904,-1.7489,309.6967,466.2606,1.7894
427.5052,437.4252,0.7696,408.8967,442.0547,3.4527,388.2635,444.4176,2.3922,367.5323,445.7253,-0.8207,348.8182,448.6852,-3.5159,329.3782,456.1338,-2.5873,310.8360,465.1701,0.9554
428.5634,436.8263,-0.3174,410.2918,441.9010,2.8505,389.7248,445.1580,3.2779,369.4694,446.1263,0.2234,350.0423,447.9876,-2.7264,330.4504,454.2096,-3.3284,311.6010,464.0260,-0.2979
429.8453,435.9995,-1.8838,411.8510,441.7087,2.0195,391.5218,445.4599,3.6461,370.7012,446.7399,1.2958,351.7250,447.7594,-2.0345,332.0440,452.9566,-3.4517,312.6541,462.2158,-1.5501
431.3218,435.0742,-2.2998,412.9645,440.9166,0.9260,392.7201,446.0037,3.4177,372.4771,447.6518,2.3539,353.0346,448.1831,-1.1023,333.0716,451.3588,-3.6199,313.7045,460.0423,-2.3417
432.4754,434.3770,-2.9437,414.2928,440.2474,0.0592,394.4789,445.9019,3.2765,374.3983,448.4201,2.9582,354.6910,448.6678,0.0617,334.2523,450.7360,-2.6459,314.8461,457.9600,-2.9679
433.7642,433.2933,-3.3638,415.3838,439.5256,-1.2622,396.0077,445.4796,2.6736,376.0969,448.9275,3.4233,356.0803,449.3233,1.3455,335.6291,450.6938,-2.6374,316.0202,456.3044,-3.1527
435.4810,432.8815,-3.6533,416.8827,438.3265,-1.9350,397.2774,445.0016,1.5600,377.4302,449.2988,3.4634,358.0063,450.1264,2.0352,337.3039,450.8468,-1.7927,317.3743,455.0062,-3.5072
436.4008,431.8179,-3.3981,418.2986,437.3182,-2.9680,398.7546,444.1942,0.4761,378.8461,449.8583,3.2987,359.1849,451.5638,2.9323,338.9671,451.4270,-0.2240,318.2897,453.9365,-3.2192
437.7860,431.9683,-2.8620,419.3586,436.6051,-3.4868,399.9592,442.9327,-0.5610,380.2814,449.4205,2.7499,361.6625,452.3578,3.5566,340.2951,451.9900,0.7249,319.9520,453.3103,-2.8968
439.8016,431.6446,-1.8665,420.6674,435.2878,-3.5855,401.2251,442.2738,-1.8426,381.8430,449.1117,1.9818,363.1176,453.1197,3.5783,342.0525,453.1092,1.9850,321.3333,453.2548,-1.9919
440.6032,431.9268,-0.7802,421.6802,434.9188,-3.4341,402.7764,441.0028,-2.7480,383.0181,448.3204,0.7295,364.2404,453.3808,3.3152,343.9818,454.6031,2.6019,323.1515,453.4976,-1.0115
442.1541,431.6664,0.1484,423.1455,434.3520,-2.9889,403.6689,439.8019,-3.3819,384.1349,447.2441,-0.0086,366.0153,453.2309,2.6410,345.6780,455.2891,3.0988,324.1923,454.4133,0.1936
443.8677,431.8294,1.3910,424.9044,434.1646,-2.2178,404.7707,438.7865,-3.4801,385.3956,445.8753,-1.2895,367.3561,452.9575,1.9452,347.4313,456.1745,3.8265,326.1930,455.5541,1.3924
445.1079,431.8868,2.2215,426.2743,433.9901,-0.9729,405.9225,437.8306,-3.6841,386.5656,444.6963,-2.1146,368.7882,452.0587,1.1923,348.5875,456.7336,3.7872,328.0820,456.9697,2.1370
446.8200,432.3312,3.2949,427.5253,434.0307,-0.0654,407.4055,437.2546,-3.1351,387.9845,443.1429,-2.8419,369.8730,450.8960,-0.2541,350.4709,457.3264,3.4351,329.8064,458.2988,3.1206
448.5356,432.2789,3.6770,429.3505,434.7488,0.8189,409.0960,436.8566,-2.3655,388.9499,441.8400,-3.4519,371.1260,449.3840,-1.0445,351.7567,457.1385,2.3776,331.5803,459.5797,3.5371
449.8610,432.4706,3.5910,430.9215,434.9151,2.1854,410.3715,436.7329,-1.4178,389.7908,440.8447,-3.4493,372.3089,448.1174,-2.1793,353.2089,456.0370,1.2638,333.0900,460.4672,3.6546
451.2066,432.7323,3.4766,432.2625,435.8375,2.8431,411.9819,436.8027,-0.2202,391.5551,439.9604,-3.1927,373.3613,446.1705,-3.2443,354.2602,455.0570,0.3196,334.8036,460.8815,3.2797
452.8730,432.2550,2.7785,433.8838,435.9635,3.3746,413.3590,437.5745,0.6695,393.0757,439.4688,-2.5215,374.2738,445.0735,-3.5526,355.3244,453.4371,-0.9049,336.0795,460.6868,3.0894
454.1572,432.0249,1.9770,435.2251,436.0811,3.4373,414.9140,437.7581,1.5777,394.3157,439.6037,-1.7907,375.4433,443.4893,-3.7438,356.6086,451.7855,-1.6778,337.5715,460.1842,1.8385
455.6060,431.4185,1.1068,436.6761,436.2013,3.3351,416.6091,438.5806,2.6632,396.1031,439.4606,-0.8172,377.2699,442.3740,-3.4989,357.5336,450.1249,-2.7286,338.8048,459.3139,0.9370
457.1813,430.5400,-0.1265,438.3790,436.2541,2.9545,418.0472,438.9685,3.0545,397.6187,439.9788,-0.0415,378.2537,441.9157,-2.9320,358.8424,448.2029,-3.1797,339.7389,457.7508,-0.0482
458.1049,430.0771,-1.2299,439.9089,435.6855,2.1795,419.4953,439.6022,3.8716,399.0460,440.8309,1.2124,379.6186,441.6974,-1.9915,360.0127,447.0375,-3.4565,341.0273,455.8005,-1.3783
459.2729,429.0364,-2.3813,441.1439,435.0499,0.9883,421.3039,440.0181,3.5239,400.8794,441.4966,2.4330,381.4518,442.2409,-0.7767,361.2139,445.9178,-3.5961,342.1405,453.7841,-2.1026
460.7203,428.4152,-3.1087,442.4941,434.4404,0.2485,422.8832,439.7932,3.0728,402.4212,442.3361,3.0431,383.0910,442.8296,-0.0062,362.4834,445.0354,-3.4130,342.9843,451.9698,-3.0959
461.7929,427.4223,-3.6304,443.6381,433.5924,-1.1834,424.1541,439.6206,2.3209,404.0743,442.9922,3.4483,384.5562,443.1772,0.9832,363.5876,444.4554,-2.7885,344.2783,450.3464,-3.5076
463.5947,426.8222,-3.4065,444.7896,432.3489,-1.9541,425.6498,439.0492,1.2968,405.4512,443.6676,3.4491,386.4007,444.2067,2.1916,365.2360,444.8275,-1.2921,345.4984,448.8530,-3.7185
464.8020,426.0560,-3.4128,445.9691,431.3688,-2.9051,426.7973,438.3554,0.4954,407.1761,443.7345,3.2169,387.9636,445.6132,2.8496,367.2462,445.0809,-0.6127,346.7420,447.9432,-3.2892
465.8711,425.4294,-2.5367,447.3576,430.2035,-3.2801,428.1543,437.4247,-0.6810,408.7473,443.4094,2.5124,389.3309,446.2665,3.6458,368.6238,445.9403,0.7509,348.2094,447.2428,-2.8479
467.8936,425.4834,-1.7907,449.0342,429.3267,-3.5600,429.4362,436.2544,-1.6076,409.7859,443.4198,1.8715,390.9207,446.9033,3.6720,370.1574,447.1325,1.6881,349.4032,447.4922,-1.8616
468.5758,425.4942,-0.8410,450.1332,428.7694,-3.2429,430.3492,434.9220,-2.6919,411.0383,442.5763,1.0788,392.7177,447.2806,3.2420,372.4109,448.1770,2.7473,351.0473,447.6193,-0.8655
470.5515,425.7044,0.2399,451.1394,428.3205,-2.6442,431.7699,433.7467,-3.0949,412.3860,441.3066,-0.4555,394.0464,447.1050,2.7967,373.8895,449.3574,3.2108,352.5289,448.3540,0.2106
471.9600,425.6381,1.4722,452.8151,428.1349,-1.9271,433.2415,432.7244,-3.1877,413.8019,439.9098,-1.1056,395.3094,446.6727,2.0817,375.5197,450.4490,3.6099,354.3498,449.6587,1.3000
473.8081,426.3289,2.3504,454.2739,428.2573,-1.3027,433.9634,431.9123,-3.5756,415.1004,438.6474,-2.3305,396.7084,445.7677,0.9167,377.1483,450.7860,3.6522,356.3371,451.2104,2.4294
475.1037,426.3692,3.0568,455.9921,428.3961,0.1189,435.5146,431.1920,-3.3715,416.1094,437.1511,-3.2382,397.8085,444.6587,-0.3073,378.4655,451.0329,3.1452,357.9397,452.0666,3.1017
476.7025,426.6853,3.7260,457.4912,428.7000,1.0585,436.8876,430.6484,-2.4283,416.9748,435.6761,-3.5660,399.2332,443.4918,-0.9189,380.0811,450.6160,2.4809,359.8585,453.7007,3.5488
477.8914,426.8095,3.6731,458.9168,429.3256,2.0810,438.5091,430.7761,-1.4321,418.5928,435.1603,-3.6094,400.1905,442.0489,-2.2598,381.3203,450.1509,1.5100,361.3570,454.2905,3.7166
479.4371,426.3214,3.5022,460.3058,429.6424,2.7806,439.9673,431.2425,-0.4237,419.9370,434.2334,-3.3509,401.4904,440.2972,-3.0123,382.5633,448.8946,0.4655,362.7968,454.9810,3.4371
480.9163,426.5696,2.7683,462.1387,430.0629,3.4435,441.3836,431.4590,0.4470,421.0480,433.5789,-2.7372,402.6070,439.0953,-3.3709,383.7307,447.7040,-0.6735,364.1290,454.7731,2.8477
482.5007,425.9984,1.8281,463.4010,430.1806,3.2996,443.2195,432.1147,1.8606,422.5041,433.7389,-2.0757,403.8269,437.7829,-3.6625,384.8596,445.6363,-1.9056,365.6420,454.3253,1.6173
483.6168,425.2602,0.8708,464.9054,430.2629,3.3464,444.7454,432.6855,2.7660,424.1945,433.4456,-0.7923,405.1265,436.7078,-3.2795,386.0926,443.9910,-2.6884,366.8974,453.3459,0.6162
484.8841,424.7943,-0.0541,466.7771,429.9314,3.2129,446.1998,433.2375,3.2236,425.4581,434.3310,0.2200,406.4882,436.0647,-2.8870,387.0314,442.1073,-3.3466,368.1405,451.9179,-0.1410
486.2152,424.1767,-1.1528,467.9610,429.5442,1.9636,447.9807,433.4040,3.7059,427.3169,434.7298,1.4300,408.1424,436.0602,-2.3536,388.2228,440.9674,-3.7922,369.1575,450.2291,-1.6029
487.5104,423.0208,-2.2118,469.2658,428.8226,1.0474,449.6295,433.7996,3.4339,428.6950,435.6250,2.5139,409.2111,436.1344,-0.9906,389.4730,439.5727,-3.4221,370.1168,448.2218,-2.5215
488.7422,422.0548,-2.9735,470.7715,428.3478,-0.0320,450.9658,433.8644,3.0586,430.8002,436.2097,2.6460,411.0498,436.6560,0.0342,390.4843,438.9832,-3.0468,371.4612,446.1504,-2.8568
490.1953,421.4453,-3.3487,471.6617,427.2715,-1.0353,452.3973,433.6268,2.3712,432.3080,437.1550,3.3160,412.4547,437.6239,0.9879,392.1683,438.5948,-2.4537,372.5147,444.0960,-3.4978
491.3545,420.9132,-3.4125,473.2136,426.4066,-2.1697,453.5687,433.0376,1.5025,433.9317,437.6464,3.3947,414.6950,438.6622,2.3668,393.5497,438.6586,-1.4783,373.5161,442.5507,-3.6022
492.7420,420.3880,-3.4539,474.5709,425.2445,-3.0307,454.7550,431.9705,0.4507,435.3009,437.5559,3.2984,415.6493,439.2071,2.7831,395.1338,439.2741,-0.2929,374.7106,441.9482,-3.3464
494.0695,419.6598,-2.7623,475.5254,424.2148,-3.3646,456.3087,430.9670,-0.8935,436.5668,437.6925,2.6010,417.7636,440.4702,3.4031,396.9845,440.0297,0.5107,375.7216,441.3131,-2.7775
495.8261,419.5082,-1.7783,476.7935,423.4229,-3.6317,457.4949,430.0628,-1.6677,438.2945,437.2550,1.7172,419.3285,441.1043,3.6379,398.7460,441.2462,1.7584,377.5440,441.0568,-1.8355
497.3397,419.2832,-0.8053,478.2627,423.1069,-3.3902,458.4671,429.0535,-2.8962,439.5420,436.3899,0.8328,420.9026,441.2438,3.3194,400.1676,442.1341,2.8446,379.2021,441.7240,-1.0231
498.7106,419.6634,0.3607,479.6386,422.3905,-2.6110,459.9092,427.5411,-3.1992,440.8755,435.1124,-0.3543,422.2585,441.2688,2.6390,401.9493,443.2147,3.5069,380.7649,442.3933,0.2391
500.2364,420.1820,1.4316,480.7588,421.9917,-1.8841,461.2933,426.5602,-3.5838,441.8075,433.9658,-1.3782,423.8711,440.9851,2.0730,403.6752,444.5180,4.1350,382.5052,443.6652,1.3425
501.6427,419.9711,2.3970,482.6045,422.1690,-0.9570,462.5644,425.8116,-3.5296,442.8909,432.5394,-2.1746,425.2636,440.2708,1.2266,404.9848,444.7566,3.5487,384.2460,445.2204,2.5091
503.2289,420.4254,2.9371,483.7399,422.2010,0.0222,463.6926,425.5528,-3.0079,444.4114,431.3637,-2.9553,426.2067,438.7760,0.2838,406.7798,445.0233,3.3379,386.0061,446.4804,3.2379
504.8784,420.5632,3.3720,485.7158,422.6741,1.3962,465.1522,425.0939,-2.3631,445.6039,429.9986,-3.4549,427.2120,437.6762,-0.9724,407.9304,444.7459,2.4491,388.0381,447.6211,3.6074
506.2558,420.6994,3.8223,487.3373,423.0914,1.8821,466.4335,424.5910,-1.4634,446.8526,428.7459,-3.3267,428.5389,435.9296,-1.9017,409.0658,444.3912,1.4596,389.1591,448.6046,3.4358
507.8385,420.5546,3.2526,488.7422,423.6059,2.7821,467.9282,424.8429,-0.6970,448.0880,428.0561,-3.3520,429.6487,434.4600,-3.1800,410.9907,443.1359,0.3419,391.1882,449.0332,3.5270
508.9325,420.3089,2.6450,490.1638,423.9586,3.4386,469.9081,425.6471,0.7465,449.3720,427.6244,-2.7504,430.9961,433.0519,-3.4354,412.0054,441.6719,-0.7515,392.8104,448.9026,2.7603
510.3683,420.1703,1.9496,491.8538,424.3648,3.6165,471.2844,425.8500,1.8615,450.5157,427.4675,-1.8098,431.6799,431.7075,-3.5883,412.9865,439.7471,-1.7254,393.9430,448.3381,1.7797
511.9069,419.1742,0.8333,493.3628,424.1433,3.2026,472.9428,426.5895,2.7049,452.4523,427.7104,-0.9106,433.1743,430.6931,-3.5526,414.0366,438.3555,-2.6873,395.1718,447.2263,1.1585
513.1827,418.6963,-0.3861,494.8033,423.9464,3.1704,474.4708,427.4227,3.3665,453.9673,428.1384,0.2034,434.7220,430.1769,-2.8881,415.4477,436.4027,-3.2538,396.3985,445.8684,0.0540
514.8092,418.0374,-1.3334,496.0564,423.5685,2.0948,476.3488,427.7868,3.4514,455.3768,428.8170,1.5019,435.9652,430.1724,-1.9600,416.2317,434.9244,-3.5143,397.6671,444.1725,-1.3912
515.7698,417.1376,-2.2967,497.3602,423.0936,0.9920,477.3561,427.8324,3.7374,457.2651,429.7523,2.4052,437.4422,430.2237,-0.9615,417.6054,433.5367,-3.6588,398.2834,442.4020,-2.2636
516.8073,416.2307,-2.9735,498.3154,422.3207,-0.2154,479.1345,427.9134,3.1199,458.7057,430.5778,3.0004,439.2532,430.6259,0.0599,419.0201,432.9097,-3.0552,399.8243,439.8640,-3.1263
518.1438,415.4043,-3.5285,499.9311,421.4468,-1.1153,480.8316,427.8049,2.5490,460.4276,431.0886,3.5303,440.9729,431.4585,1.0147,420.0796,432.7098,-2.3343,400.8162,438.4468,-3.4880
519.7077,414.7201,-3.6568,501.2159,420.4670,-2.2289,481.7737,427.2187,1.4465,461.7943,431.3172,3.3809,442.7148,432.5016,2.4189,421.6198,432.7114,-1.3350,401.7349,437.1467,-3.3812
521.2286,414.2865,-3.0777,502.5807,419.4473,-2.8569,483.0810,426.2452,0.6006,463.3527,431.7459,3.5709,444.3215,433.4260,2.5914,423.3332,433.2951,-0.3601,403.0353,435.7501,-3.3668
522.3029,413.9813,-2.7354,503.7808,418.5123,-3.5381,484.4170,425.4311,-0.6500,464.9420,431.7569,2.7083,445.9205,433.7807,3.2871,425.0865,434.2477,0.5654,404.3526,435.4324,-2.7194
523.7230,413.7458,-2.0349,505.1551,417.5845,-3.6604,485.4367,423.8895,-2.0628,466.0554,430.8482,2.1312,447.3092,434.8324,3.5119,426.7166,435.0206,1.9275,405.8368,434.9883,-1.6358
525.5010,413.7930,-0.9394,506.4309,416.8444,-3.5955,486.6842,422.8794,-2.6479,467.6529,430.5917,0.5443,448.9405,434.8556,3.4866,428.5049,436.4683,3.0725,407.2294,435.5509,-1.0013
527.0492,413.8222,0.5551,507.7482,416.3973,-2.9409,488.0960,421.8693,-3.1896,468.6085,429.2369,-0.4229,450.4239,435.1550,2.8156,429.8743,437.3193,3.4636,409.0138,436.7561,0.3311
528.3412,414.1374,1.4997,509.4358,416.1750,-2.0335,489.3550,420.7133,-3.5919,470.0482,428.1134,-1.3661,451.7294,434.7662,1.8369,431.7503,438.2632,3.8033,410.8877,437.9262,1.1211
529.7813,414.1825,2.5878,510.5368,416.0034,-1.2055,490.7679,419.8972,-3.5096,471.2006,426.6144,-2.3013,452.8520,434.1551,1.1181,433.5543,438.9272,3.6198,412.5335,439.1456,2.2381
531.6169,414.4239,2.8894,512.1611,416.4560,0.0558,491.8147,419.3739,-3.0867,472.0949,425.1643,-3.2691,454.3946,432.9803,0.1009,435.1535,439.1198,3.2640,414.3338,440.4000,3.0245
533.0106,414.5161,3.3165,513.9391,416.4448,1.2949,493.2611,418.8288,-2.3031,473.4527,424.1265,-3.7051,455.2485,431.5887,-1.1146,436.4111,438.9869,2.7908,415.9354,441.4752,3.6764
534.7336,414.7920,3.6479,515.4477,417.0190,2.4025,494.8187,418.7827,-1.5173,474.7270,422.6530,-3.4890,456.3538,429.9535,-2.4044,437.6064,438.2829,1.4113,417.7412,442.0797,3.6776
535.8845,414.4137,3.1642,516.4616,417.4844,3.0163,496.1662,418.9961,-0.3643,476.1689,422.1230,-3.4348,458.0561,428.2518,-3.1039,438.8860,436.9349,0.3598,419.0798,443.1999,3.0627
537.1994,414.4468,2.6842,518.5744,417.6526,3.4042,497.9885,419.5467,0.6627,477.7920,421.7579,-2.6672,459.0071,426.8145,-3.3141,440.0115,435.2837,-0.6167,420.7154,443.0792,2.9064
538.5949,414.0752,1.7281,519.9665,418.3101,3.4487,499.4054,420.0469,1.7578,478.9199,421.2882,-1.9100,460.2432,425.5133,-3.4174,441.1781,434.0556,-1.6286,422.2042,442.4722,2.1256
539.8885,413.5257,0.8465,521.4328,418.1559,3.6791,501.0696,420.6222,2.5082,480.4237,421.6692,-0.7120,461.5497,424.7921,-3.4327,442.3178,432.0561,-2.9670,423.1563,440.9469,0.7806
541.5322,412.5795,-0.0886,522.7058,418.1798,2.7301,502.5129,421.2474,3.1992,482.0217,421.7072,0.0744,462.7687,424.0477,-3.1440,443.3399,430.5402,-3.0546,424.5021,439.7473,-0.5486
542.4837,411.8956,-1.2852,524.1423,417.4372,1.9936,504.2226,421.6388,3.5287,483.6263,422.6244,1.5369,464.1948,424.3131,-2.2230,444.4332,428.8127,-3.7210,425.5102,438.1395,-1.4318
543.9902,411.2702,-2.2029,525.6088,417.1406,1.1642,505.8837,421.8645,3.6430,485.3409,423.3886,2.1614,465.6859,424.2413,-0.9853,445.3904,427.5871,-3.6411,426.8248,435.8985,-2.3212
545.0440,410.2368,-3.1363,526.8818,416.4069,0.0369,507.0569,421.9277,3.2170,486.7780,424.2936,3.0714,467.5932,425.1210,0.0766,446.8638,426.7954,-3.1639,427.5730,434.3148,-3.1857
546.3447,409.3146,-3.3931,528.1534,415.3050,-0.9434,509.0599,421.6398,2.5907,488.4125,425.3630,3.6311,468.9220,425.6421,1.1263,448.4004,426.6702,-2.2592,428.4943,432.1142,-3.3934
547.7450,408.6553,-3.7385,529.5807,414.3569,-2.2513,509.8184,421.1609,1.5667,490.0699,425.5386,3.7595,470.4785,426.3904,2.0901,449.8966,426.5644,-1.5359,430.2286,430.9439,-3.6341
549.0915,408.4011,-3.2190,530.3887,413.5440,-3.1505,511.4435,420.0331,0.3908,491.4915,425.9124,3.2139,472.1760,427.2792,2.8257,451.1647,427.3376,-0.2770,431.1007,430.0820,-3.7201
550.6751,407.8057,-2.7032,532.1266,412.4463,-3.6403,512.6093,419.5101,-0.3090,492.7448,425.6074,2.6381,474.0030,428.2676,3.4230,453.0614,428.2674,0.4580,432.4335,429.3817,-2.6565
552.0892,407.6921,-1.8414,533.4749,411.5630,-3.4591,513.7851,417.9338,-1.7823,494.2441,425.4907,1.9231,475.1779,429.1223,3.4471,454.6467,429.0211,1.8083,433.7367,429.2963,-2.0610
553.5672,407.6687,-0.7692,534.6400,410.8256,-3.2881,514.9052,417.0177,-2.8430,495.8636,424.0820,1.0817,477.2230,429.2561,3.5348,456.5521,430.3153,2.7031,435.4625,429.8000,-0.9484
554.6498,407.6940,0.2660,535.6457,410.3593,-2.7454,516.2283,415.6401,-3.1823,496.9533,423.5224,-0.1361,478.7902,429.4386,2.7231,458.3050,431.3869,3.1852,437.1917,430.6738,0.0984
556.5370,407.8940,1.1322,537.3086,410.2508,-2.1889,517.5660,414.6679,-3.6651,498.3287,421.7775,-1.3299,480.1721,428.8089,2.1065,460.0087,432.3524,3.6846,439.0019,431.5519,1.3606
558.0515,408.1992,2.1626,538.8731,410.2643,-1.3005,518.8563,413.9473,-3.7013,499.5416,420.6675,-2.3067,481.2631,428.1340,1.0768,461.6547,433.1157,3.6679,440.7696,432.9479,2.6801
559.6154,408.3899,2.9334,540.5110,410.2175,0.0781,520.0576,413.1600,-3.0357,500.6213,419.3929,-2.9814,482.5005,426.6392,-0.0237,463.2510,433.1489,3.2531,442.5851,434.7192,2.8682
561.1991,408.5650,3.5858,541.8493,410.7171,1.1670,521.4727,413.0637,-2.5717,501.6489,418.0575,-3.6792,483.6856,425.3818,-1.1514,464.4291,432.8048,2.5287,444.0040,435.7103,3.2458
562.4904,408.7102,3.2270,543.6940,411.1023,2.2933,522.9511,412.8135,-1.3929,503.0054,416.6910,-3.3187,484.9728,424.0176,-2.2838,465.5745,432.1278,1.3065,446.0834,436.5622,3.5848
563.9164,408.5159,3.2092,545.1251,411.4030,2.9215,524.3072,412.9243,-0.1640,504.6405,416.0308,-3.3116,486.1874,422.3163,-3.0148,467.0428,431.0037,0.4327,447.4582,436.7127,3.2390
565.5510,408.3384,2.7324,546.6730,411.9499,3.0512,526.0840,413.2888,0.6987,505.7969,415.4446,-2.8492,487.1983,420.9849,-3.4354,468.3379,429.7010,-0.5867,448.8642,436.7020,2.7345
566.9120,408.0509,1.8737,548.2135,412.2626,3.6161,527.5643,413.8564,1.6436,507.1107,415.6282,-1.9933,488.3787,419.6886,-3.4499,469.3343,428.0254,-1.7617,450.1649,436.4153,1.8630
568.2285,407.1960,1.0044,549.5837,412.4335,3.2834,529.2119,414.4884,2.8282,508.5927,415.5754,-0.8560,489.5135,418.7388,-3.3273,470.2562,426.0877,-2.8439,451.3472,435.0001,0.9602
569.4187,406.8068,-0.1564,551.1418,412.1811,2.9763,530.7563,415.1816,3.5593,510.0160,416.0526,0.6744,490.7995,418.4537,-2.6850,471.6384,424.4858,-3.2676,452.4806,433.5315,-0.5569
570.8418,405.7184,-1.0824,552.3727,411.6999,2.3328,532.7041,415.5944,3.5951,511.8957,416.7237,1.5582,492.4610,417.6055,-1.9465,472.7808,423.0415,-3.6210,453.8255,431.7750,-1.3260
572.1790,405.1539,-2.4078,554.0706,411.1056,0.9076,533.8484,416.0585,3.6270,513.2449,417.6054,2.2203,494.1281,418.0509,-0.8255,473.7822,421.6581,-3.3597,454.7545,430.3096,-2.3368
573.3219,404.3751,-3.1310,555.0721,410.6695,-0.0015,535.3181,415.6242,3.3531,515.3037,418.3797,2.9882,495.3888,418.5923,0.2295,475.0101,421.0720,-3.1017,455.6519,428.2851,-3.2252
574.9728,403.3357,-3.4086,556.4592,409.5096,-1.2217,536.9860,415.8363,2.3905,516.9065,419.2277,3.5921,497.1315,419.7944,1.0775,476.6878,420.8183,-2.3875,457.1679,426.2651,-3.3145
576.0370,402.9500,-3.4484,557.3689,408.1448,-2.3875,538.1312,415.1881,1.2002,518.0145,419.5158,3.6786,498.6875,420.4851,2.1546,478.2599,420.7956,-1.6606,457.9138,424.9937,-3.3547
577.5726,402.2865,-3.5135,558.8660,407.3105,-2.7261,539.5801,414.3578,0.3588,520.1500,419.5968,3.0472,500.3966,421.5464,2.7269,479.7807,421.2724,-0.6963,459.1993,423.8148,-3.3399
579.0929,401.9668,-2.7857,560.1706,406.3081,-3.3341,540.3065,413.2591,-0.6577,521.3178,419.6408,2.7064,502.2750,422.6405,3.4951,481.0869,422.0409,0.8042,460.7357,423.3250,-2.6033
579.9873,401.5652,-1.8184,561.6871,405.5851,-3.5473,542.0157,412.1039,-1.4217,522.3897,419.3241,1.7388,503.4948,422.8378,3.4585,483.0433,423.3521,1.6842,462.0991,423.2845,-1.7761
581.6706,401.4089,-0.8020,562.5142,404.6967,-3.2654,543.1998,410.8786,-2.6496,523.9607,418.4570,0.8874,505.3704,423.1719,3.3860,484.5411,424.4167,2.5970,463.7148,423.8897,-0.7294
583.2333,401.5442,0.1715,564.3374,404.4293,-3.0597,544.4608,409.8842,-3.4327,525.0829,417.4089,-0.2504,506.7295,423.3020,3.0044,486.3950,425.5810,3.2656,465.3993,424.5568,0.4644
584.8333,401.7028,1.3144,565.6044,404.2713,-2.4091,545.3956,408.6168,-3.5353,526.4129,415.8876,-1.4998,508.2003,422.8638,2.1285,488.2080,426.2553,3.7363,467.0028,425.7822,1.2062
585.9132,402.0007,2.2246,566.9802,404.1070,-1.1031,546.8296,407.7657,-3.5697,527.4395,414.4392,-2.3713,509.3281,421.9362,0.9023,489.5810,426.8514,3.9491,468.9160,427.1183,2.3096
587.5763,402.5348,3.2694,568.4902,404.4952,0.1059,548.4247,407.3398,-3.1402,528.5755,413.2695,-3.0867,510.7690,420.9343,0.1680,491.2733,427.0148,3.1075,470.5319,428.1669,2.9110
589.2703,402.7632,3.5520,569.8920,404.7436,1.0218,549.7623,406.8608,-2.6200,529.6860,412.1940,-3.2874,512.1251,419.5876,-1.2263,492.6909,426.8701,2.5065,472.3165,429.5857,3.2851
590.9664,402.6214,3.5851,571.7114,405.3585,2.1979,550.9532,406.9362,-1.3393,531.2874,411.1264,-3.6220,512.8998,417.9110,-2.2183,493.9263,426.3033,1.5794,474.1097,430.3895,3.5294
592.1353,402.5417,3.2059,573.0720,405.3379,2.7006,552.8220,407.2498,-0.3354,532.2446,409.6661,-3.1342,513.9455,416.4755,-2.7925,495.1031,424.9193,0.4131,475.6112,430.6447,3.1870
593.9527,402.4701,2.9572,574.4892,405.8553,3.5268,554.0596,407.8231,0.6240,533.6184,409.9246,-2.7047,515.5058,415.0808,-3.2512,496.6029,423.6784,-0.6803,477.0056,430.8044,2.4899
594.9856,402.0687,1.9541,576.0467,406.1223,3.5906,555.9812,408.1497,1.7395,535.2651,409.2179,-1.7733,516.5384,413.5450,-3.6332,497.3228,422.1810,-1.7858,478.3098,430.4107,2.0357
596.3723,401.4235,0.7384,577.6375,406.0286,3.4796,557.5241,408.7948,2.6674,537.0286,409.6747,-0.9246,517.9757,412.8272,-3.2136,498.4216,420.1847,-2.5878,479.6802,429.2537,1.0546
597.8848,400.9035,-0.2427,579.1481,406.0930,2.8629,558.9809,409.2473,3.2385,538.6348,410.1867,0.4132,519.1000,412.2813,-2.8339,499.4144,418.4087,-3.3821,480.8864,427.7675,-0.5114
599.2193,399.7082,-1.4643,580.5159,405.4623,1.9281,560.7227,409.7750,3.4987,539.8984,411.0462,1.3990,520.7251,412.0073,-1.6066,500.8427,416.7952,-3.4782,481.8974,425.9920,-0.9945
600.3150,399.0583,-2.4654,581.8407,405.4325,1.0557,562.2408,410.0239,3.5065,541.4551,411.6469,2.3839,522.2898,412.1134,-1.2449,502.0860,415.6548,-3.4885,482.6058,424.2975,-2.4771
601.4171,398.3244,-3.2058,583.1711,404.1722,-0.0996,563.5740,410.0276,3.3624,543.2566,412.6593,3.2857,523.8545,412.6273,0.1268,503.2869,415.2526,-3.1749,483.8908,422.1868,-3.0784
602.7195,397.4383,-3.5619,584.6933,403.4630,-1.2342,565.0865,409.5681,2.6546,545.0381,413.0579,3.5433,525.4454,413.4436,1.1028,504.8021,414.6790,-2.4223,484.6971,420.1830,-3.5033
604.3668,396.8305,-3.4356,585.8559,402.3810,-2.3854,566.3352,409.1270,1.4229,546.3520,413.6932,3.6420,527.0795,414.2089,2.0096,506.1469,414.7396,-1.3212,486.5467,418.8399,-3.6931
605.7044,396.2424,-3.5757,586.9746,401.4042,-3.0804,567.6741,408.1264,0.3650,547.8208,413.8559,3.5495,528.5707,415.3696,2.7474,507.7541,415.4988,-0.5070,487.5815,417.9892,-3.5508
607.1238,396.1323,-2.7370,588.4732,400.5184,-3.6429,568.8923,407.0883,-0.8163,549.3356,413.7226,2.4599,530.2347,416.2532,3.2532,509.5498,416.1177,0.7473,488.7789,417.4037,-2.4984
608.3625,395.7108,-1.9808,589.6227,399.5696,-3.4282,569.9404,406.3032,-1.7944,550.6894,413.2875,1.8817,531.7349,416.7371,3.5512,511.2590,417.2183,1.9276,490.3019,417.5414,-1.8782
609.7725,395.4933,-0.9288,590.6138,398.8299,-3.4761,571.2995,404.9297,-2.5477,551.8913,412.2612,0.8503,533.5813,417.5467,3.5913,512.8869,418.3045,2.7542,491.8940,417.8836,-0.8625
611.3832,395.4437,0.2744,592.4280,398.4568,-2.9076,572.5839,403.6775,-3.3442,553.1248,411.1484,-0.2248,535.1960,417.1741,2.5545,514.5487,419.4678,3.1878,493.3360,418.7259,0.3854
613.1628,396.0554,1.0114,593.6817,398.1049,-2.3939,574.2511,402.7142,-3.5994,554.7160,410.0752,-1.2807,536.4833,416.6049,2.1837,515.9414,420.4064,3.7053,495.4107,419.8032,1.2123
614.4747,395.8710,2.2740,595.2519,397.9603,-1.1281,575.1118,402.2878,-3.8884,555.4734,408.7679,-2.4924,537.5026,416.0020,0.8597,518.0694,420.8897,3.5665,497.0369,420.9365,2.0430
616.0744,396.2850,2.9618,596.7685,398.1827,-0.1896,576.7626,401.3128,-3.1008,556.9161,407.4370,-2.9696,538.7452,415.1255,-0.1285,519.3425,421.3959,3.1664,498.8043,422.4740,2.7539
617.3469,396.3738,3.4542,597.9985,398.9018,1.3628,577.5312,400.4968,-2.4413,558.0973,406.3575,-3.3106,540.0021,413.6843,-1.0122,520.7286,420.5851,2.1610,500.4580,423.6336,3.4100
618.9611,396.8597,3.8913,599.3586,399.1618,2.2857,579.3217,400.6514,-1.2982,559.3735,404.8829,-3.6660,541.4307,411.8776,-2.0755,522.0837,420.3206,1.5051,502.0579,424.2767,3.6262
620.6112,396.6188,3.2486,601.2399,399.6416,3.0631,580.8892,400.7967,-0.2850,560.7467,404.0494,-3.4489,542.4463,410.7983,-2.8094,523.1972,419.2826,0.5277,503.8623,424.9057,3.2083
621.4341,396.3521,2.6188,602.8242,399.9563,3.5573,582.2485,401.4347,0.7911,561.8435,403.6748,-2.7442,543.5906,408.9930,-3.4945,524.3399,417.9346,-0.4275,505.3489,424.9045,2.6337
623.5467,396.2368,1.8964,604.1153,400.1157,3.5978,583.8303,402.1810,1.7542,563.3230,403.0522,-1.8741,544.5996,407.7657,-3.4114,525.6193,416.0589,-1.7697,506.6204,424.3868,1.9147
624.5052,395.6467,0.7914,605.6911,400.0568,3.1995,585.5961,402.3610,2.7010,564.9642,403.5638,-0.8706,545.9309,406.6863,-3.3863,526.5808,414.2840,-2.8164,507.6620,423.3061,0.8117
626.0123,395.0249,-0.2186,607.2146,400.0370,2.7149,587.4072,403.1639,3.3806,566.3961,404.0699,0.3154,547.3210,406.4969,-3.0521,527.8000,412.4911,-3.1950,508.9101,421.5996,-0.1534
627.1476,394.0989,-1.2055,608.7333,399.8249,2.1482,588.6023,403.8377,3.6109,568.0459,404.8635,1.1471,548.8839,406.2170,-1.7473,528.9185,410.8289,-3.8953,509.5893,419.9919,-1.1643
628.3680,393.4123,-2.0452,610.2532,399.0857,1.1323,590.3223,403.8915,3.4867,569.7882,405.8336,2.1477,550.5083,406.1228,-1.2604,529.9906,409.7036,-3.7260,511.2358,418.0309,-2.3569
629.8736,392.2413,-3.1994,611.4030,398.1222,0.1187,591.7508,403.8479,3.0808,571.0554,406.4725,3.2374,551.9462,406.5685,-0.1118,531.5865,409.1061,-2.9410,511.9942,416.2545,-2.8169
631.3889,391.5521,-3.2957,612.6406,397.4068,-1.0068,593.1580,403.6266,2.3418,573.5850,407.1650,3.3965,553.3392,407.8566,1.2731,532.9087,408.8773,-2.3311,513.1264,414.2912,-3.4578
632.1953,390.9183,-3.5441,614.1572,396.3618,-2.0385,594.4777,402.9824,1.4540,574.5190,407.6473,3.5602,555.1266,408.7362,2.3191,534.5406,408.5890,-1.5015,514.4507,412.8296,-4.1223
633.6578,390.6023,-3.2787,615.2840,395.3570,-3.0244,595.8876,402.4366,0.6327,576.1740,407.8168,3.2161,556.8943,409.5247,3.1940,535.9259,409.0624,-0.2923,515.8461,412.0350,-3.4793
635.1685,389.7617,-2.4559,616.2882,394.3673,-3.6454,597.0389,401.3672,-0.6145,577.7306,407.6858,2.5093,558.6683,410.1578,3.2044,537.6007,409.8924,0.7202,516.6928,411.3827,-2.9303
636.3069,389.7498,-2.0475,617.9239,393.4666,-3.8045,598.2595,400.1445,-1.7278,579.1485,407.2276,1.9865,560.1508,411.0379,3.8742,539.3581,411.2951,1.5137,518.4275,411.3308,-2.0518
638.0666,389.4874,-0.8169,618.9792,393.0290,-3.4722,599.4148,398.9849,-2.6424,580.1904,406.3445,0.9050,561.7311,411.3007,3.5036,541.0256,412.2346,2.4980,519.9034,411.7575,-0.7031
639.6431,389.8675,0.1650,620.5362,392.2006,-2.8593,600.9023,397.7648,-3.3621,581.1738,405.6140,-0.1891,563.2267,411.3573,2.9443,542.5807,413.4679,3.1286,521.7065,412.8680,0.2575
641.1959,389.7522,1.2529,621.8936,391.9985,-2.1022,602.0813,396.6461,-3.8851,582.8322,403.9476,-1.2465,564.4890,410.9095,2.0633,544.3332,414.2141,3.6415,523.4436,413.7314,1.4995
642.5467,390.1578,2.3890,623.1941,392.1611,-1.0313,603.0685,395.8621,-3.3424,584.0702,402.6332,-1.9062,565.4683,410.0392,1.2318,546.1174,414.9073,3.4753,524.9629,415.1799,2.1843
643.9825,390.1134,3.2826,624.8343,392.4311,-0.2136,604.5819,395.0998,-3.3246,585.1867,401.3301,-3.1718,566.8585,408.7079,0.1203,547.5194,415.0730,3.2309,526.8975,416.5743,2.8774
645.3486,390.5808,3.8501,626.3215,392.6549,1.3242,605.9179,395.0253,-2.4158,586.1472,399.8941,-3.2323,568.4851,407.7580,-1.2104,548.9847,415.0022,2.3766,528.6685,417.5088,3.2879
647.0166,390.6725,3.6136,627.9835,393.1743,2.1411,607.5600,394.8000,-1.3891,587.6330,398.9668,-3.4824,569.2746,406.0209,-1.9652,550.5061,414.0505,1.3678,530.4354,418.4744,3.4025
648.7527,390.8255,3.3689,629.2031,393.3176,3.1801,609.0163,394.8094,-0.1525,588.8935,398.2990,-3.4803,570.1679,404.6010,-2.9000,551.3158,413.2375,0.2395,531.9820,418.8579,3.1976
649.9498,390.7981,2.5112,631.2815,393.9210,3.6747,610.5079,395.5211,0.4237,590.3306,397.8858,-2.9214,571.7287,402.9907,-3.3981,552.7310,411.5179,-0.7363,533.5304,418.7590,2.7314
651.4229,390.0212,1.9930,632.6807,393.9076,3.4089,612.2981,395.9892,1.8208,591.5986,397.3977,-1.7533,572.7888,401.7692,-3.5609,554.0060,409.6891,-1.6429,534.7202,418.5929,1.6569
652.4867,389.4657,0.7010,634.1631,394.0233,3.3072,613.7130,396.6667,2.7305,593.2788,397.7198,-1.2747,574.1176,400.6189,-3.6458,554.6719,408.1968,-2.4908,536.1852,417.4162,0.6186
654.1023,388.7638,-0.2618,635.4737,394.0013,3.0042,615.5464,397.5117,3.3892,594.6825,398.1449,0.2175,575.3604,400.0957,-2.5800,555.8551,406.4835,-3.3802,537.1623,415.9722,-0.2932
655.4412,388.2428,-1.3884,637.0994,393.3811,2.4136,616.7907,397.7541,3.7352,596.2876,399.0034,1.5026,576.8564,399.9266,-2.3745,557.1718,405.1103,-3.8052,538.0384,414.0097,-1.5546
656.8346,387.0355,-2.3618,638.2508,392.8343,1.1109,618.7267,397.7863,3.2633,597.9721,399.7382,2.3526,578.4752,400.0380,-0.8724,558.2934,403.8043,-3.4172,539.2127,412.3560,-2.2345
658.0119,386.1785,-3.1105,639.6115,392.5868,-0.1437,620.0029,397.8482,2.9128,599.6642,400.5079,3.0109,580.1690,400.7058,0.1369,559.5464,402.8457,-3.3017,540.2943,410.2314,-3.1982
659.2274,385.7021,-3.7449,640.6590,391.5458,-1.3443,621.3787,397.6772,2.3900,601.3690,401.1293,3.5558,581.6765,401.4440,1.2766,561.0303,402.8555,-2.3632,541.4317,408.6003,-3.3978
660.4483,384.8607,-3.7222,642.2677,390.2927,-2.1445,622.7097,397.2764,1.5252,602.9869,401.7418,3.6898,583.2473,402.5603,2.2108,562.8756,402.8110,-1.4966,542.5046,407.1361,-3.7305
662.0356,384.3602,-3.4541,643.3201,389.5991,-3.1944,623.9557,396.3810,0.4240,604.5394,401.9850,3.0719,584.8555,403.3899,2.8523,564.3792,403.4703,-0.5510,543.6953,405.6140,-3.3853
663.3221,383.7677,-2.7703,644.7437,388.5020,-3.5277,625.2751,395.3679,-0.7366,605.6401,401.5716,2.7951,586.9458,404.6141,3.1864,565.6897,404.1640,1.0685,545.2817,405.3697,-2.7616
664.7416,383.8268,-2.0430,646.1085,387.4422,-3.7461,626.5317,394.4703,-1.8582,607.4437,401.2788,2.0500,588.3366,405.1379,3.5489,567.4262,405.2093,1.4021,546.5078,405.5542,-2.0201
666.1301,383.7619,-0.9402,647.5761,386.6550,-3.4678,627.8405,393.1309,-2.6060,608.5784,400.5793,1.1259,589.8306,405.5005,3.2987,569.2217,406.3128,2.7335,548.1527,405.7802,-0.9324
667.6157,383.8308,0.1488,648.8823,386.6257,-2.8048,629.0622,391.7272,-3.3222,609.3652,399.2853,-0.3934,591.3172,405.2016,2.9145,571.0704,407.2918,3.1830,549.7136,406.6342,0.3183
669.3165,383.7030,1.6827,650.4551,386.2170,-2.2665,630.1585,390.6321,-3.8399,610.9388,398.1017,-1.5399,592.5969,404.8904,2.1779,572.7095,408.3997,3.4517,551.5592,407.7763,1.4390
670.9548,384.2784,2.3891,651.4297,386.0463,-1.1001,631.4703,389.8066,-3.4745,611.8941,396.7928,-2.1540,593.9055,404.0690,0.9818,574.3008,409.0899,3.5844,553.4211,408.9906,2.3712
672.2819,384.2044,3.0427,652.9740,386.1861,-0.0088,632.9396,389.2949,-3.0825,613.2923,395.2077,-3.1114,595.2603,402.9748,0.1050,575.6814,408.9834,2.8484,555.0907,410.5459,3.2147
673.6889,384.7986,3.4362,654.5587,386.7844,1.1014,634.1498,389.0121,-2.4571,614.6172,393.9115,-3.3439,596.3299,401.5275,-0.9947,577.1077,408.8296,2.3145,556.8610,411.5333,3.5907
675.4168,384.8485,3.5254,655.8740,387.0252,1.7743,635.6731,388.9588,-1.7756,615.7231,393.0649,-3.6531,597.8024,399.9924,-2.3001,578.1400,408.1870,1.5212,558.6303,412.4036,3.5470
676.7181,384.7837,2.9779,657.5609,387.6614,2.8329,636.9631,389.0796,-0.3407,616.9566,391.8712,-3.1860,598.5383,398.4254,-3.0433,579.6603,407.3591,0.3337,559.9994,412.7376,3.2986
678.5228,384.5287,2.6920,659.2647,387.8912,3.4482,638.7409,389.6577,0.7795,618.1217,391.5387,-2.9531,599.9561,396.9947,-3.5233,581.0335,405.8282,-0.6602,561.3701,413.1553,2.8628
679.5865,383.8909,1.9239,660.7495,388.0943,3.5103,640.5554,389.9739,1.8279,619.5964,391.5965,-2.1556,601.0837,395.5515,-3.6414,581.9338,404.1034,-1.4529,562.7988,412.3048,1.7457
680.9190,383.5315,1.0338,662.2922,388.2720,3.4244,642.0262,390.8129,2.6041,621.2347,391.4988,-1.1295,602.4227,394.7618,-3.6067,582.9201,402.4345,-2.9907,564.2307,411.4839,0.7621
682.0671,382.9960,-0.3012,663.7922,387.9867,3.0574,643.4334,391.2679,3.1723,622.7390,392.3601,0.3750,603.8120,394.3979,-2.7820,584.6450,400.3167,-3.3237,565.2410,409.7731,-0.0173
683.7863,381.8330,-1.2354,665.1397,387.6990,1.8238,645.2445,391.8224,3.7393,624.4820,392.8409,1.1451,604.8227,393.9631,-2.0842,585.2602,399.1182,-3.5949,566.4717,408.1862,-1.5958
684.9635,381.1269,-2.2600,666.2455,387.2384,1.1448,646.7019,392.0458,3.5820,626.1363,393.7304,2.2499,606.4929,394.2234,-1.0406,586.3065,398.1588,-3.4533,567.3994,405.8270,-2.2038
686.2227,380.2965,-3.0161,667.7124,386.5462,-0.1671,647.9977,391.8489,3.3075,627.4910,394.5695,3.0627,608.2909,394.8880,-0.0222,587.7908,396.8119,-3.1368,568.5581,404.2403,-3.1575
687.5436,379.6206,-3.5235,669.0855,385.3574,-1.0682,649.6568,391.6571,2.4765,629.4806,395.0085,3.6232,610.1599,395.6002,1.0309,589.0465,396.8086,-2.2016,569.4658,402.3693,-3.6450
689.0963,378.8393,-3.6372,670.3249,384.1950,-2.3255,650.9512,390.9584,1.2643,630.9304,395.7268,3.6491,611.4953,396.2951,2.1646,590.7114,396.6227,-1.5391,570.7158,400.8152,-3.2637
690.0912,378.3679,-3.3047,671.4102,383.4852,-2.8108,652.2632,390.4051,0.6009,632.5557,395.8036,3.3888,613.0644,397.5011,2.7479,592.3558,397.2417,-0.6412,571.9837,400.1017,-3.0385
691.3474,377.7901,-2.5157,673.0083,382.3400,-3.4881,653.0336,389.3103,-0.4821,633.9447,395.8271,2.7719,615.0045,398.3740,3.6020,594.2248,398.0869,0.7593,573.4115,399.1179,-2.7572
692.8066,377.4943,-1.6961,674.1528,381.6589,-3.6317,654.6118,388.2637,-1.8476,635.5655,395.0632,1.8654,616.3480,398.9173,3.6403,595.4136,399.3636,1.8746,574.9292,399.3966,-1.7993
694.0999,377.6603,-1.0037,675.6196,380.8941,-3.3775,656.1225,386.8944,-2.6367,636.5982,394.4215,0.7820,617.8419,399.3869,3.4410,597.4737,400.4674,2.8127,576.1117,399.5396,-0.7960
695.7767,377.8564,0.2378,676.7646,380.1605,-2.8321,657.0696,385.8134,-3.3894,637.7808,393.2764,-0.2564,619.3845,399.4677,2.6908,599.1529,401.5713,2.9871,577.9953,400.6246,0.2057
697.3333,378.0624,1.1054,678.3035,380.2038,-1.9369,658.5103,384.8511,-3.4026,638.9988,392.0749,-1.4559,621.0380,398.9432,2.1446,600.6164,402.5748,3.5066,579.7084,401.7918,1.2289
698.9365,378.1134,2.4818,679.7024,380.0659,-1.0475,659.7059,383.9931,-3.3026,640.4192,390.8128,-2.2527,622.2232,398.4589,1.2766,602.5152,403.0007,3.6678,581.6113,403.0751,2.6548
700.4908,378.7695,3.1265,681.1772,380.5766,0.1545,660.6918,383.1377,-3.1246,641.5039,389.0545,-3.0520,623.2822,397.0671,0.0659,603.8171,403.2643,3.0779,583.2753,404.4712,3.0695
702.1110,378.8061,3.4893,682.6235,380.9116,1.1842,662.3677,383.0155,-2.4123,642.0892,388.2746,-3.8537,624.6101,395.5183,-1.3486,605.0928,403.2162,2.6862,584.9055,405.8207,3.6540
703.5383,378.5982,3.5823,684.4344,380.9999,2.3871,663.6193,382.6879,-1.2029,643.9673,386.9505,-3.8123,625.9011,393.9972,-2.1359,606.5849,402.2985,1.6500,586.4592,406.5960,3.6630
705.0949,378.8107,3.2426,685.7494,381.6308,2.9328,665.6706,383.2559,-0.1991,645.0159,386.0063,-3.3603,626.8778,392.4143,-2.8968,607.8469,400.9205,0.4852,588.1451,407.1143,2.9918
706.2977,378.3330,2.7587,687.6662,381.8947,3.1922,666.6798,383.4532,0.8209,646.3223,385.5820,-2.7946,627.8314,390.9258,-3.3823,609.0328,399.8203,-0.7256,589.4112,406.9677,2.6218
708.1853,378.2319,1.9076,688.9386,381.9675,3.7057,668.3995,384.1230,1.8025,648.0451,385.6105,-1.9718,628.8724,389.4447,-3.2047,610.1333,397.9657,-1.7345,591.1320,406.6183,1.7553
708.8451,377.4277,0.7548,690.6140,382.2326,3.4389,669.8888,384.5723,2.7289,649.3602,385.5476,-0.9637,630.3151,388.7462,-3.5710,611.1538,396.1686,-2.6229,592.0801,405.2334,0.9586
710.1582,376.9202,-0.0626,692.2006,382.0790,2.8372,671.6378,385.1631,3.1669,650.9523,386.4774,0.3121,631.7714,388.3795,-2.8543,612.2682,394.5800,-3.3070,593.2682,404.1134,-0.1015
711.7954,375.9610,-1.1469,693.4720,381.7807,2.3079,673.1713,385.7016,3.6998,652.5398,386.9880,1.4975,633.5888,388.0631,-1.8668,613.3381,392.8331,-3.4434,594.5638,402.5722,-1.3812
712.9949,375.0592,-2.3025,694.6117,381.0475,1.1593,674.6473,386.1160,3.6303,654.4763,387.8070,2.3406,634.6062,388.2251,-1.1268,614.4951,391.6651,-3.6188,595.6656,400.2323,-2.1141
714.2902,374.2540,-2.9289,695.8861,380.2759,0.0883,676.2764,385.9294,2.8235,655.8171,388.3590,3.1315,636.2870,388.8064,-0.0799,616.0796,391.0549,-3.3484,596.7940,398.1679,-2.6030
715.5409,373.6016,-3.5949,697.1114,379.3137,-1.0643,677.6197,385.8250,2.5799,657.4133,389.2097,3.4829,638.0410,389.4689,1.1015,617.3818,390.8586,-2.3799,597.6481,396.3431,-3.4782
716.9126,372.7840,-3.7254,698.3418,378.4174,-2.2423,679.1828,384.9127,1.3143,659.1477,389.7097,3.4970,639.5648,390.7157,2.2917,619.0821,390.8378,-1.1613,598.9857,394.9332,-3.9263
718.1336,372.3186,-3.5893,699.7403,377.2526,-3.0170,680.1482,384.4735,0.3557,660.7796,389.8407,3.1045,641.2830,391.4536,2.8850,620.3682,391.2494,-0.5737,600.1271,393.8524,-3.5925
719.8281,371.9978,-3.0308,701.0353,376.2866,-3.5272,681.6977,383.4218,-0.9379,662.0570,389.9546,2.7480,642.7770,392.3056,3.5408,621.9599,391.9058,0.6037,601.5410,393.3711,-2.7562
720.8236,371.8506,-2.2275,702.2464,375.3784,-3.8201,682.7979,381.9874,-1.6509,663.3623,389.3543,1.8675,644.6103,393.1248,3.5831,623.6732,393.0646,1.4736,602.8674,393.4412,-1.7981
722.2641,371.8597,-0.9963,703.6730,375.1742,-3.6920,684.0656,381.3573,-2.6770,664.6511,388.6645,0.5615,646.2772,393.5186,3.5652,625.7730,394.4087,2.4361,604.7515,393.7312,-0.9388
724.0968,371.7661,0.1974,705.1984,374.6217,-3.1142,685.3717,379.5772,-3.3456,665.9486,387.2057,-0.2476,647.6937,393.6475,3.0598,627.2706,395.6869,3.3007,606.1679,394.4342,0.2520
725.3657,372.0468,1.2005,706.3583,374.1765,-2.4527,686.6415,378.9194,-3.5597,667.2893,386.1157,-1.2458,649.0824,392.7186,2.2081,629.1486,396.4919,3.7574,607.7932,395.9962,1.5559
726.9620,372.2496,2.3892,707.6482,374.2667,-0.9601,687.6103,378.0388,-3.6791,668.3318,384.6757,-2.4068,650.5470,392.1170,1.0069,630.3520,396.7617,3.5777,609.7952,397.0245,2.2993
728.7078,372.5950,2.8676,709.4628,374.6644,-0.0352,689.4910,377.3521,-3.4050,669.4962,383.3406,-2.8946,651.6203,391.0724,-0.0368,631.8324,397.1843,3.1083,611.6373,398.4896,3.2234
730.3675,372.9410,3.5528,710.6502,374.7986,1.0865,690.5598,377.0570,-2.4795,670.6202,382.0772,-3.3881,652.5453,389.5937,-1.0358,633.4912,396.9462,2.3317,613.3639,399.7127,3.6696
731.5938,372.6888,3.5960,712.8082,375.2872,2.4172,692.0485,376.6716,-1.6926,672.1444,380.7330,-3.6193,653.5755,388.1767,-2.2039,634.8315,396.1689,1.4733,614.8376,400.2941,3.6486
733.2698,372.6090,3.2992,714.1530,375.4374,3.2736,693.4333,377.2789,-0.3794,673.1472,380.0492,-3.2648,655.1312,386.6117,-2.7456,636.2543,395.1305,0.3722,616.5185,400.9406,3.3782
734.5932,372.6003,2.8541,715.8241,375.7780,3.4677,695.0946,377.6274,0.7056,674.5587,379.8061,-2.7769,656.2126,385.2927,-3.5511,637.4143,393.7633,-0.8207,617.7878,400.9862,2.6913
736.1601,372.3636,1.8589,717.0609,376.3214,3.5334,696.6711,378.1859,1.8048,676.2818,379.6081,-1.7737,657.2519,383.7109,-3.7686,638.2760,391.7768,-2.0105,618.9265,400.2365,1.9451
737.2949,371.6492,0.8117,718.6789,376.3013,3.6166,698.5828,378.7412,2.5830,677.4974,380.1103,-0.8793,658.9360,382.9393,-3.3263,639.3572,390.0175,-2.5941,620.5937,399.0451,0.5917
738.5328,370.8838,-0.4534,720.3464,376.2834,3.0251,699.7407,379.6173,3.1783,679.0296,379.9851,0.0961,660.0577,382.5868,-2.9448,640.8167,388.4697,-3.2096,621.7611,397.7521,-0.2195
739.8903,369.8558,-1.1777,721.2069,375.6262,1.8267,701.5146,379.7831,3.5631,680.9260,381.0705,1.3636,661.1688,382.1080,-2.1051,641.8795,386.8891,-3.7391,622.4922,395.8609,-1.2918
741.1744,369.0969,-2.3198,722.7595,375.0951,0.8934,703.0253,380.2401,3.6428,682.1862,381.5107,2.3022,662.8349,382.4858,-1.2416,642.7863,385.8387,-3.1385,623.7887,394.0422,-2.5037
742.4028,368.2932,-3.0977,724.2019,374.3182,0.1621,704.3114,379.8537,3.0707,684.3082,382.4919,3.0317,664.7128,382.7033,-0.0065,644.5055,384.8172,-2.7841,624.7604,392.0401,-3.1187
743.7394,367.6313,-3.1984,725.2733,373.4811,-0.9652,705.8374,379.8130,2.4103,685.6313,382.9841,3.6008,666.1197,383.5505,1.2595,645.4930,384.6522,-2.5320,625.9758,390.1440,-3.4139
745.0909,366.8444,-3.3982,726.3584,372.5548,-2.3274,707.2119,379.3382,1.6670,687.3471,383.6864,3.5301,667.7568,384.5755,2.1313,646.9519,384.7657,-1.2595,627.4875,388.8105,-3.7351
746.5605,366.4286,-2.9356,727.9829,371.4449,-3.1029,708.2587,378.5826,0.3915,688.9495,383.5259,3.4860,669.6597,385.4832,2.8191,648.7646,385.4435,-0.3650,628.3527,387.9586,-3.1935
748.0008,365.9276,-2.7045,728.9733,370.5696,-3.4240,709.6567,377.1339,-0.9260,690.4019,383.7617,2.8828,671.2125,386.3117,3.5249,650.1933,386.1747,0.8254,629.5810,387.2887,-2.5160
749.1279,365.6828,-2.0048,730.5244,369.7228,-3.5469,710.9540,376.3417,-1.9188,691.6372,383.0942,2.1758,672.8082,387.1656,3.5295,651.9338,386.9764,2.0735,631.1577,387.5771,-1.8069
750.8052,365.3217,-0.8843,731.8779,369.0841,-3.3705,712.4098,374.8825,-2.5475,693.0041,382.5439,0.9771,674.1050,387.4638,3.4470,653.7894,388.3122,2.8535,632.8969,387.6452,-0.5997
751.9979,365.7478,0.5137,733.1207,368.6076,-2.8149,713.2475,374.0708,-3.0686,694.3978,381.2478,-0.3968,675.8267,387.3199,3.1502,655.1595,389.4486,3.2667,634.3427,388.7809,0.1825
753.5540,366.0639,1.3927,734.6109,368.0362,-2.2130,714.3258,372.7658,-3.6931,695.4370,380.1185,-1.4187,677.0652,387.2072,2.2268,657.1709,390.3442,3.6141,636.4001,389.7748,1.4916
755.4404,366.3136,2.2747,736.1084,368.1183,-0.9438,715.9099,371.9174,-3.4051,696.3732,378.7187,-2.4126,678.5428,385.8830,1.0854,658.7569,391.1142,3.5561,637.7502,391.1817,2.4945
756.8348,366.3324,3.1660,737.5838,368.5785,0.0527,717.4179,371.4729,-3.2061,697.5890,377.2753,-3.0544,679.7708,384.9799,-0.1103,660.0697,391.2351,3.0523,639.5809,392.4410,3.0710
758.5234,366.7393,3.3855,739.0049,368.6229,1.5656,718.6264,371.1052,-2.3384,699.0268,375.9779,-3.4259,680.5451,383.5170,-0.9305,661.3248,391.0514,2.4420,641.2765,393.6780,3.2843
759.8234,366.6012,3.8348,740.7194,369.2024,2.0133,720.0735,370.8568,-1.4766,700.1431,374.9464,-3.8327,682.2516,382.1119,-2.0577,663.0093,390.2228,1.6250,642.7172,394.7212,3.5029
761.1725,366.4196,3.3806,742.0893,369.6263,3.0202,721.9216,371.0999,-0.5206,701.5411,374.2997,-3.5581,683.1560,380.3705,-2.9358,664.3983,389.2043,0.5404,644.4602,395.3141,3.2253
762.9928,366.5611,2.6059,743.7427,369.8969,3.3820,723.2277,371.2575,0.7077,702.8656,373.7369,-2.7073,684.1779,378.9701,-3.4327,665.3649,387.5699,-0.7606,646.0184,394.7445,3.0205
764.2486,366.0170,2.1785,745.2557,370.1865,3.4326,724.8364,372.0701,1.7414,704.3279,373.7109,-1.8972,685.3856,377.7925,-3.4288,666.4032,385.7559,-1.8193,647.3683,394.4972,1.7615
765.6097,365.4643,0.8427,746.7861,370.4655,3.6058,726.3360,372.7262,2.7171,705.8848,373.5895,-0.7645,687.1266,376.7447,-3.5637,667.5864,384.1073,-2.7137,648.0441,393.3489,0.8779
766.7563,365.0595,-0.2797,748.1657,370.0212,2.8744,727.8361,373.3515,3.4311,707.4784,374.2394,0.4498,688.0098,376.2129,-2.9574,668.6535,382.4959,-3.2895,649.6900,391.8897,-0.2479
767.6792,364.1440,-1.3734,749.5631,369.8821,2.0979,729.5555,373.9732,3.6133,708.8364,375.0688,1.3436,689.4065,376.4039,-2.1502,669.9222,381.2826,-3.6723,650.6648,389.8955,-1.2269
769.4623,363.2237,-2.4836,751.0043,369.0999,0.8138,731.2007,374.0912,3.5756,710.8298,375.9039,2.3141,691.3490,376.2026,-1.2375,671.0198,379.8851,-3.5548,651.7290,388.0085,-2.4522
770.6687,362.3404,-3.1998,751.9815,368.4375,0.2161,732.4888,373.9070,3.2283,712.4240,376.4177,3.2432,692.7616,376.7823,0.0655,672.1704,379.0510,-3.1462,652.9995,386.0597,-3.0223
771.9075,361.6961,-3.3169,753.6568,367.3543,-1.0240,733.9439,374.1078,2.8251,714.1825,377.2918,3.9753,694.4092,377.3255,1.2170,673.6493,378.4281,-2.5810,654.1871,384.4196,-3.2061
773.0686,361.3009,-3.7951,755.1425,366.6459,-2.1187,735.3594,373.3082,1.6619,715.4349,377.7069,3.7523,695.7602,378.7187,2.3016,675.4349,378.6432,-1.3330,655.0890,382.9814,-3.8153
774.5409,360.2108,-3.4057,755.9785,365.3950,-2.8473,736.6731,372.3903,0.6122,717.2309,378.1186,3.1982,697.8952,379.6077,2.8407,676.9165,379.1826,-0.1836,656.7631,382.0756,-3.2974
775.9255,359.9876,-2.7379,757.3121,364.2943,-3.5973,737.6582,371.2072,-0.7173,718.3761,377.6997,2.7598,699.4953,380.5290,3.3832,678.6264,380.2544,0.5682,657.7825,381.3429,-2.9008
777.3230,359.6263,-1.8538,758.7502,363.7241,-3.6755,739.0748,370.1126,-1.7231,719.8406,377.0831,1.8698,700.8275,381.2020,3.5105,679.9862,381.4552,1.8552,659.2108,381.2342,-1.9858
778.8717,359.5581,-0.9091,759.9737,363.1816,-3.4288,740.2775,369.0033,-2.6554,721.3841,376.4862,0.7129,702.7555,381.4007,3.5826,681.8135,382.4514,2.6712,660.6378,381.8098,-0.8852
780.5169,359.7941,0.5392,761.2653,362.4556,-3.0311,741.5929,367.7083,-3.0752,722.4840,375.3820,-0.0650,703.9753,381.2850,2.8968,683.6665,383.4584,3.2646,662.6326,382.7468,0.0341
781.8026,359.8315,1.4993,762.6278,362.1719,-2.0290,742.7264,366.7123,-3.4255,723.5565,373.8625,-1.1844,705.3728,380.9138,1.9293,685.1945,384.6436,3.4604,664.4626,384.0078,1.1212
