eye_X,eye_Y,eye_Z,snout_X,snout_Y,snout_Z,peduncle_X,peduncle_Y,peduncle_Z,dorsaltip_X,dorsaltip_Y,dorsaltip_Z,analtip_X,analtip_Y,analtip_Z,caudaltip_X,caudaltip_Y,caudaltip_Z,Rpecttip_X,Rpecttip_Y,Rpecttip_Z,Rpectbase_X,Rpectbase_Y,Rpectbase_Z,Lpectbase_X,Lpectbase_Y,Lpectbase_Z,Lpecttip_X,Lpecttip_Y,Lpecttip_Z,Rpelvictip_X,Rpelvictip_Y,Rpelvictip_Z,Rpelvicbase_X,Rpelvicbase_Y,Rpelvicbase_Z,Lpelvictip_X,Lpelvictip_Y,Lpelvictip_Z,Lpelvicbase_X,Lpelvicbase_Y,Lpelvicbase_Z
0.444075,5.36623,4.410918,0.115511,5.860935,4.502071,7.576475,5.050979,1.78615,7.56972,4.934014,2.536974,7.9074,5.549025,1.38827,9.085061,6.231691,1.774212,1.013462,4.447922,2.581352,1.172592,5.140451,3.583987,1.36224,5.690601,3.598753,1.72479,6.531626,2.823521,5.777337,4.616563,1.464052,5.2979,4.535857,1.781518,5.905351,5.028978,1.376667,5.335076,4.905798,1.791059
0.423518,5.364657,4.426033,0.106261,5.833422,4.546007,7.506913,5.046116,1.785592,7.529046,4.827867,2.521921,7.903476,5.550212,1.386899,9.056793,6.313291,1.784993,1.002565,4.443085,2.608861,1.167661,5.115177,3.594505,1.342585,5.698371,3.611779,1.667423,6.510306,2.784313,5.756936,4.589737,1.473926,5.277554,4.509113,1.791602,5.884908,5.002284,1.386297,5.314751,4.879196,1.801109
0.441795,5.372109,4.444137,0.116182,5.862357,4.61004,7.467594,5.024832,1.786182,7.529046,4.827867,2.521921,7.883501,5.525844,1.384547,8.961326,6.416107,1.81973,1.050317,4.442092,2.60122,1.163007,5.114714,3.609746,1.250026,5.767973,3.611415,1.660052,6.565751,2.802522,5.759242,4.578158,1.472407,5.277554,4.509113,1.791602,5.877837,4.967381,1.384104,5.269469,4.798254,1.796946
0.444743,5.433619,4.464624,0.116278,5.873295,4.610502,7.463533,5.024935,1.78384,7.529046,4.827867,2.521921,7.878004,5.527172,1.384513,8.911733,6.334544,1.819081,1.022734,4.427409,2.581191,1.155583,5.114449,3.6102,1.25012,5.790215,3.612544,1.634407,6.568323,2.774325,5.774599,4.578161,1.471711,5.277554,4.509113,1.791602,5.877837,4.967381,1.384104,5.277472,4.775192,1.795075
0.437471,5.398612,4.48381,0.116278,5.873295,4.610502,7.451951,5.025013,1.783273,7.529046,4.827867,2.521921,7.86111,5.515089,1.383899,8.85428,6.309633,1.818584,0.995892,4.584341,2.587426,1.152854,5.114591,3.609991,1.258774,5.7892,3.623484,1.603356,6.593596,2.747003,5.774599,4.578161,1.471711,5.277554,4.509113,1.791602,5.87015,4.967354,1.384348,5.277472,4.775192,1.795075
0.440206,5.436768,4.501504,0.116278,5.873295,4.610502,7.448867,5.025814,1.782156,7.526487,4.828097,2.516879,7.85072,5.514097,1.3842,8.831835,6.367454,1.826495,0.947053,4.626899,2.594955,1.153123,5.114342,3.61521,1.264455,5.788621,3.629049,1.632835,6.530605,2.711681,5.774599,4.578161,1.471711,5.277554,4.509113,1.791602,5.87015,4.967354,1.384348,5.271911,4.775262,1.794723
0.449574,5.435817,4.520594,0.119337,5.947631,4.651971,7.406256,5.025332,1.782381,7.502088,4.82909,2.496661,7.83609,5.505866,1.384386,8.81405,6.366014,1.843267,0.909761,4.682004,2.600847,1.153123,5.114342,3.61521,1.267426,5.788188,3.634425,1.595529,6.500158,2.703389,5.774599,4.578161,1.471711,5.277554,4.509113,1.791602,5.872934,4.967318,1.384494,5.271911,4.775262,1.794723
0.453047,5.434864,4.536168,0.120116,6.010497,4.703594,7.402384,5.025273,1.783495,7.467041,4.806319,2.493321,7.845022,5.476418,1.382649,8.795725,6.363213,1.881884,0.900269,4.681243,2.602366,1.153123,5.114342,3.61521,1.270137,5.788044,3.634615,1.54826,6.488355,2.75935,5.774599,4.578161,1.471711,5.277554,4.509113,1.791602,5.872934,4.967318,1.384494,5.269131,4.775298,1.794547
0.456477,5.433898,4.5521,0.122598,6.019166,4.74221,7.420333,5.025071,1.788626,7.452993,4.760243,2.490942,7.843101,5.476377,1.38325,8.780208,6.361702,1.900946,0.923939,4.76018,2.606832,1.15366,5.113845,3.625647,1.270137,5.788044,3.634615,1.532947,6.453757,2.791609,5.775022,4.554924,1.470111,5.277554,4.509113,1.791602,5.872934,4.967318,1.384494,5.266351,4.775334,1.794372
0.459624,5.456407,4.568399,0.140689,6.052121,4.748257,7.415784,5.02507,1.788416,7.445391,4.760291,2.491123,7.840775,5.477341,1.383942,8.721837,6.360709,1.918598,0.935891,4.770228,2.624457,1.148562,5.136135,3.631572,1.263492,5.786887,3.650578,1.536604,6.436983,2.907798,5.782701,4.554925,1.469767,5.258047,4.509402,1.790407,5.872934,4.967318,1.384494,5.266351,4.775334,1.794372
0.467708,5.479164,4.584042,0.148635,6.07165,4.782264,7.392501,5.024371,1.802458,7.446258,4.725662,2.489073,7.837354,5.477384,1.384198,8.672272,6.382685,1.937158,0.895357,4.789822,2.646454,1.156073,5.158655,3.632244,1.254984,5.818496,3.669021,1.554915,6.354482,2.965959,5.79038,4.554926,1.469425,5.239256,4.509536,1.790054,5.858176,4.932388,1.382557,5.260791,4.775408,1.794023
0.481063,5.486564,4.597829,0.187558,6.113183,4.82177,7.378509,5.026804,1.769419,7.430028,4.71422,2.488714,7.834661,5.4773,1.385608,8.650492,6.404007,1.966722,1.040306,4.781244,2.654385,1.156968,5.18015,3.649009,1.255244,5.818205,3.674201,1.560234,6.328382,3.022118,5.782213,4.543371,1.468092,5.216498,4.49787,1.790274,5.850694,4.920737,1.381999,5.260791,4.775408,1.794023
0.48278,5.48583,4.61077,0.190507,6.123916,4.822428,7.366263,5.025151,1.793908,7.423459,4.714242,2.488481,7.808546,5.452937,1.385314,8.627659,6.421681,2.004806,1.087824,4.735465,2.672403,1.157236,5.179897,3.654222,1.257954,5.818064,3.674395,1.553423,6.282049,3.050228,5.789218,4.543227,1.472242,5.195984,4.474772,1.789071,5.843417,4.89746,1.380631,5.258189,4.763894,1.793085
0.484119,5.485195,4.622152,0.191181,6.123259,4.833302,7.36381,5.026186,1.799387,7.41686,4.714157,2.490733,7.805117,5.452918,1.385329,8.609681,6.412002,2.024095,1.128682,4.668284,2.682103,1.157236,5.179897,3.654222,1.258474,5.817481,3.684754,1.61047,6.214625,3.037373,5.78985,4.508366,1.469843,5.193197,4.474814,1.788897,5.843417,4.89746,1.380631,5.252681,4.763739,1.798053
0.490194,5.500616,4.629876,0.194711,6.122427,4.844394,7.361729,5.024336,1.800742,7.414746,4.690867,2.49424,7.800297,5.4547,1.379948,8.602216,6.415778,2.035161,1.154655,4.634411,2.694826,1.157236,5.179897,3.654222,1.256475,5.81691,3.685566,1.676195,6.183149,2.989745,5.792362,4.485176,1.46757,5.193544,4.451704,1.787373,5.828001,4.897889,1.370484,5.229055,4.763769,1.798204
0.490473,5.508109,4.636184,0.202858,6.143931,4.855653,7.357557,5.024529,1.796687,7.392227,4.679469,2.494116,7.794827,5.455894,1.37639,8.592932,6.425422,2.042127,1.215397,4.601863,2.705,1.157772,5.179392,3.664646,1.256519,5.828021,3.686124,1.736407,6.099079,2.890723,5.786773,4.485227,1.467226,5.190756,4.451747,1.7872,5.817731,4.886272,1.369783,5.218984,4.740668,1.796842
0.490718,5.507781,4.642531,0.203284,6.154504,4.861521,7.352546,5.024817,1.790638,7.392227,4.679469,2.494116,7.791471,5.456189,1.373102,8.585828,6.435169,2.044819,1.222261,4.600498,2.732015,1.158039,5.17914,3.669858,1.256519,5.828021,3.686124,1.734977,6.059791,2.770103,5.778389,4.485305,1.466713,5.190756,4.451747,1.7872,5.794667,4.8862,1.370587,5.202999,4.740741,1.796656
0.490773,5.507436,4.649445,0.209176,6.175962,4.862829,7.348241,5.025161,1.783414,7.378515,4.668637,2.478486,7.787789,5.456094,1.371825,8.569248,6.3294,2.038306,1.224404,4.598754,2.77449,1.158575,5.178635,3.68028,1.256607,5.850242,3.687239,1.775925,6.004935,2.712471,5.775595,4.485332,1.466542,5.185179,4.451833,1.786856,5.776889,4.863171,1.364017,5.179546,4.729224,1.796046
0.490679,5.507118,4.655985,0.213037,6.174793,4.87934,7.321774,5.002358,1.775265,7.367741,4.646352,2.459773,7.784603,5.455773,1.370778,8.569984,6.306176,2.036815,1.150626,4.627364,2.856182,1.158843,5.178382,3.68549,1.256607,5.850242,3.687239,1.758711,5.913842,2.708819,5.764417,4.485443,1.465864,5.176702,4.452389,1.775676,5.769201,4.863147,1.364294,5.171905,4.729181,1.796388
0.49039,5.50684,4.661927,0.213707,6.174129,4.890199,7.32692,4.99347,1.799212,7.365197,4.646679,2.452222,7.777996,5.44201,1.368718,8.565301,6.270988,2.034702,1.07258,4.688777,2.802843,1.156566,5.222743,3.692716,1.254678,5.849503,3.702573,1.798925,5.844831,2.72159,5.747856,4.473998,1.464056,5.171069,4.452691,1.770001,5.756141,4.851563,1.363443,5.154013,4.717586,1.796138
0.489125,5.506769,4.664815,0.219752,6.173452,4.896067,7.30229,4.955164,1.791078,7.345096,4.635564,2.444269,7.759388,5.418708,1.36763,8.554378,6.237306,2.026055,0.959651,4.743884,2.773035,1.157236,5.255579,3.704794,1.237182,5.860171,3.703785,1.845789,5.773867,2.775684,5.736623,4.474549,1.452695,5.156956,4.453557,1.75315,5.732402,4.851614,1.363528,5.145896,4.695062,1.783438
0.488918,5.506473,4.671054,0.219752,6.173452,4.896067,7.281651,4.94397,1.783107,7.330166,4.612547,2.442798,7.756487,5.406948,1.367888,8.549971,6.272279,2.016778,0.824887,4.743578,2.749147,1.148039,5.288015,3.722311,1.237487,5.870983,3.709516,1.861441,5.680384,2.833334,5.722824,4.463302,1.44572,5.14859,4.453699,1.752645,5.726827,4.851681,1.36321,5.137662,4.68386,1.776821
0.499076,5.506622,4.676848,0.220087,6.17312,4.901495,7.276705,4.940998,1.776014,7.326503,4.601015,2.441966,7.745423,5.407005,1.367694,8.545496,6.272611,2.010051,0.650272,4.719096,2.73668,1.148084,5.299126,3.722863,1.237576,5.893194,3.710627,1.855327,5.630425,2.910634,5.698989,4.464016,1.429775,5.130617,4.442315,1.747013,5.726827,4.851681,1.36321,5.137662,4.68386,1.776821
0.499055,5.506318,4.683027,0.215205,6.150678,4.916481,7.270864,4.938376,1.770826,7.320036,4.601462,2.431777,7.740201,5.405349,1.367876,8.546375,6.276642,2.003644,0.610511,4.79685,2.767625,1.140941,5.298594,3.728519,1.238098,5.892603,3.720973,1.860148,5.628033,2.943342,5.688796,4.441636,1.406889,5.122969,4.442274,1.747335,5.726827,4.851681,1.36321,5.134762,4.684353,1.766
0.498364,5.506133,4.687557,0.207041,6.117855,4.925398,7.270861,4.935012,1.795835,7.297064,4.602112,2.419432,7.735,5.405312,1.368512,8.547993,6.277973,1.996976,0.561216,4.842728,2.813795,1.140941,5.298594,3.728519,1.244859,5.901946,3.747777,1.871318,5.590338,3.010111,5.685794,4.44315,1.36923,5.105221,4.419122,1.746283,5.726827,4.851681,1.36321,5.135104,4.66125,1.764468
0.4973,5.50599,4.691695,0.206861,6.096063,4.924542,7.255432,4.909385,1.776622,7.284607,4.591152,2.406297,7.736463,5.38352,1.367334,8.548064,6.279713,1.988111,0.646638,4.855216,2.88728,1.141209,5.298334,3.73372,1.268929,5.920366,3.796966,1.858643,5.564621,3.062059,5.685706,4.443785,1.353155,5.09946,4.419845,1.729923,5.719487,4.828876,1.351185,5.129537,4.661333,1.764116
0.496584,5.505882,4.694696,0.206861,6.096063,4.924542,7.25158,4.909849,1.766436,7.280713,4.591379,2.401174,7.718104,5.371933,1.366639,8.54837,6.279825,1.972495,0.701982,4.854931,2.937496,1.141209,5.298334,3.73372,1.288642,5.918525,3.813859,1.859567,5.563511,3.082974,5.685618,4.44442,1.337076,5.090969,4.420408,1.718729,5.698705,4.817502,1.345276,5.126694,4.661599,1.758616
0.495021,5.505705,4.700107,0.206771,6.085167,4.924114,7.255691,4.910521,1.751566,7.272897,4.59173,2.393417,7.712688,5.369407,1.365373,8.551677,6.281178,1.959357,0.723348,4.874955,3.001664,1.141837,5.320031,3.745222,1.294349,5.929052,3.81997,1.891087,5.562523,3.117765,5.679903,4.445335,1.3153,5.074764,4.42114,1.702516,5.682591,4.818047,1.334394,5.118343,4.661727,1.758091
0.494542,5.505465,4.705523,0.206771,6.085167,4.924114,7.252156,4.905804,1.744846,7.266423,4.592181,2.38322,7.709859,5.36385,1.36502,8.556328,6.281758,1.954904,0.814901,4.87991,3.02468,1.141882,5.331138,3.745772,1.294349,5.929052,3.81997,1.952955,5.606799,3.163754,5.671418,4.446074,1.298714,5.048174,4.421668,1.691791,5.66025,4.818563,1.327771,5.107209,4.661901,1.757397
0.488306,5.505063,4.710572,0.206771,6.085167,4.924114,7.249674,4.901272,1.741788,7.256179,4.592238,2.383311,7.707759,5.356415,1.36452,8.538249,6.217977,1.946917,0.862349,4.912561,3.002829,1.142286,5.364195,3.75262,1.286945,5.928766,3.820417,1.985323,5.649517,3.22188,5.652633,4.435196,1.281435,5.037895,4.410109,1.691171,5.635148,4.818904,1.326357,5.101642,4.66199,1.757052
0.481328,5.504793,4.713823,0.191925,6.084365,4.940236,7.266344,4.910951,1.741984,7.21764,4.557804,2.382148,7.697937,5.37197,1.36616,8.526803,6.169424,1.939762,0.912741,4.944902,2.971784,1.142286,5.364195,3.75262,1.286983,5.939858,3.820962,1.988011,5.727323,3.255574,5.626404,4.412237,1.274353,5.032185,4.410627,1.680138,5.6114,4.818958,1.326428,5.075923,4.66189,1.757874
0.468609,5.504374,4.716419,0.188978,6.073648,4.939593,7.266344,4.910951,1.741984,7.186196,4.529272,2.381291,7.694807,5.371977,1.365811,8.512336,6.11956,1.941313,0.946907,4.955599,2.958302,1.142867,5.374772,3.76356,1.286983,5.939858,3.820962,1.962978,5.916771,3.281469,5.620804,4.412312,1.274022,5.023748,4.410988,1.674279,5.6114,4.818958,1.326428,5.067573,4.662024,1.757351
0.466553,5.488769,4.718474,0.174226,6.05116,4.939706,7.245733,4.911048,1.742166,7.21764,4.557804,2.382148,7.690996,5.365895,1.364953,8.498687,6.066758,1.96251,0.845099,4.90645,2.943726,1.142958,5.39698,3.764658,1.287061,5.962042,3.82205,1.963069,6.062252,3.289291,5.613107,4.412296,1.274316,5.020956,4.411039,1.674108,5.60371,4.818925,1.3267,5.067573,4.662024,1.757351
0.465448,5.488612,4.722972,0.174134,6.040266,4.93928,7.242612,4.911078,1.741508,7.21764,4.557804,2.382148,7.689723,5.37195,1.365988,8.540612,6.1456,1.986157,0.817152,4.948639,2.902965,1.143271,5.407817,3.770399,1.290023,5.961609,3.827413,1.964675,6.138387,3.329775,5.607507,4.412371,1.273985,5.013303,4.410992,1.674428,5.596212,4.807267,1.326157,5.067573,4.662024,1.757351
0.464165,5.488401,4.728765,0.173952,6.018478,4.938427,7.24023,4.911059,1.741933,7.21764,4.557804,2.382148,7.679346,5.360372,1.363934,8.558108,6.075694,1.981274,0.895985,4.995045,2.868656,1.143897,5.429487,3.781878,1.295947,5.960743,3.838139,1.965591,6.181856,3.352874,5.586514,4.412413,1.274243,5.013303,4.410992,1.674428,5.596212,4.807267,1.326157,5.067573,4.662024,1.757351
0.464007,5.489833,4.734342,0.173861,6.007584,4.938001,7.215366,4.905252,1.740594,7.213716,4.557926,2.379507,7.671709,5.348891,1.362328,8.558108,6.075694,1.981274,1.009044,5.020749,2.848853,1.143897,5.429487,3.781878,1.296061,5.994012,3.839767,1.945716,6.233464,3.413983,5.583908,4.400809,1.273255,4.997997,4.410899,1.675077,5.580833,4.807204,1.326714,5.067573,4.662024,1.757351
0.461142,5.488014,4.740171,0.173861,6.007584,4.938001,7.212287,4.899534,1.739989,7.212449,4.558139,2.374474,7.665851,5.335683,1.362549,8.558108,6.075694,1.981274,1.12499,5.04624,2.844226,1.143942,5.440587,3.782425,1.29162,5.993291,3.845582,1.898392,6.343647,3.422234,5.569905,4.401003,1.272428,4.997997,4.410899,1.675077,5.580833,4.807204,1.326714,5.067449,4.662473,1.746698
0.460734,5.487846,4.744064,0.173925,5.974582,4.942157,7.216719,4.911123,1.740946,7.206419,4.535065,2.372835,7.660482,5.319237,1.359503,8.557809,6.074913,1.994396,1.291411,5.073061,2.822987,1.143988,5.451688,3.782972,1.29162,5.993291,3.845582,1.843137,6.438742,3.324848,5.556644,4.400854,1.277759,4.990345,4.410852,1.675406,5.562056,4.806858,1.337044,5.06454,4.662968,1.73587
0.46085,5.479719,4.750446,0.169131,5.963088,4.957603,7.216719,4.911123,1.740946,7.19749,4.535116,2.372983,7.655452,5.304529,1.356361,8.55746,6.074003,2.009703,1.403434,5.097561,2.806036,1.143988,5.451688,3.782972,1.29162,5.993291,3.845582,1.811273,6.474158,3.281918,5.548242,4.400975,1.277266,4.981971,4.411003,1.674884,5.546714,4.806558,1.342954,5.058682,4.675062,1.725637
0.455874,5.47921,4.75624,0.169469,5.96277,4.963037,7.214111,4.900958,1.740255,7.197465,4.535013,2.375475,7.647058,5.337382,1.357434,8.569347,6.07198,2.047344,1.506643,5.086772,2.804304,1.143988,5.451688,3.782972,1.291658,6.004379,3.846124,1.743306,6.551267,3.269636,5.534946,4.401036,1.277227,4.970805,4.411208,1.674193,5.539027,4.806525,1.343241,5.058682,4.675062,1.725637
0.453111,5.484019,4.762029,0.169469,5.96277,4.963037,7.203911,4.893553,1.734295,7.194341,4.500373,2.373241,7.646112,5.326041,1.349561,8.653038,6.046891,2.074075,1.552558,5.062619,2.80548,1.143988,5.451688,3.782972,1.292175,6.003773,3.856436,1.664704,6.62887,3.247508,5.534946,4.401036,1.277227,4.968014,4.41126,1.674021,5.539027,4.806525,1.343241,5.058682,4.675062,1.725637
0.448305,5.487539,4.765217,0.170647,5.959322,4.995216,7.200942,4.911405,1.735281,7.190915,4.477185,2.374195,7.64863,5.319876,1.347276,8.695886,6.023335,2.074478,1.568892,4.994282,2.802828,1.144255,5.451419,3.788161,1.292175,6.003773,3.856436,1.619543,6.672581,3.242634,5.519556,4.400994,1.277811,4.944335,4.411318,1.674151,5.531339,4.806492,1.34353,5.055836,4.675334,1.720135
0.444018,5.492776,4.767179,0.171697,5.958236,5.011502,7.200294,4.902379,1.734704,7.187512,4.454098,2.372657,7.631953,5.220932,1.34208,8.718124,6.023252,2.074374,1.520059,4.955664,2.824286,1.144255,5.451419,3.788161,1.29225,6.025946,3.857518,1.618115,6.696996,3.212872,5.51186,4.400973,1.278107,4.935961,4.411477,1.673634,5.531339,4.806492,1.34353,5.050268,4.675426,1.71979
0.449656,5.462808,4.769241,0.172331,5.958066,5.011453,7.199699,4.853255,1.731316,7.187787,4.442543,2.371963,7.632369,5.185813,1.340352,8.72329,6.012088,2.067246,1.468227,4.946251,2.982317,1.13909,5.45143,3.792938,1.29225,6.025946,3.857518,1.541129,6.731214,3.168253,5.51186,4.400973,1.278107,4.935961,4.411477,1.673634,5.531339,4.806492,1.34353,5.0447,4.67552,1.719447
0.452963,5.457459,4.771834,0.172326,5.957529,5.011432,7.177249,4.830103,1.730349,7.203012,4.442454,2.371579,7.632353,5.185758,1.341483,8.737659,5.954462,2.054786,1.402723,4.942238,3.052892,1.139626,5.450892,3.803315,1.29225,6.025946,3.857518,1.51832,6.734335,3.117122,5.51186,4.400973,1.278107,4.935961,4.411477,1.673634,5.512985,4.818084,1.344767,5.03078,4.675761,1.718593
0.449001,5.46244,4.777547,0.173675,5.957795,5.011351,7.17329,4.830118,1.730185,7.20488,4.419333,2.370237,7.634158,5.173409,1.344712,8.746167,5.928839,2.04221,1.364235,4.962055,3.102599,1.139717,5.473086,3.804404,1.29225,6.025946,3.857518,1.492228,6.734991,3.09779,5.496471,4.400932,1.278708,4.935961,4.411477,1.673634,5.507106,4.840925,1.356753,5.019644,4.675959,1.717917
0.447349,5.460024,4.779447,0.175134,5.957464,5.016705,7.167269,4.807004,1.726222,7.20488,4.419333,2.370237,7.637466,5.159893,1.345663,8.754197,5.908976,2.034391,1.303131,4.954283,3.242704,1.139985,5.472816,3.809591,1.292287,6.037032,3.858059,1.492393,6.846801,3.104113,5.496471,4.400932,1.278708,4.930378,4.411585,1.673292,5.504129,4.852579,1.357403,5.019644,4.675959,1.717917
0.446541,5.459373,4.783702,0.176516,5.956394,5.027499,7.160559,4.789429,1.726377,7.198043,4.384511,2.373334,7.641485,5.146724,1.348277,8.778275,5.87379,2.031646,1.264235,4.963318,3.28121,1.14003,5.483912,3.810135,1.292287,6.037032,3.858059,1.501804,6.895975,3.05754,5.496091,4.424206,1.280349,4.922726,4.411532,1.673612,5.503752,4.875812,1.359031,5.016861,4.676009,1.717749
0.446895,5.456479,4.787456,0.177283,5.953886,5.032814,7.140554,4.795377,1.728019,7.189062,4.384369,2.37847,7.645295,5.13038,1.347696,8.802763,5.861876,2.030453,1.118792,4.972525,3.172644,1.137315,5.484052,3.80993,1.292325,6.048117,3.8586,1.558495,6.935387,3.02583,5.493292,4.424245,1.28018,4.922726,4.411532,1.673612,5.498178,4.875888,1.358703,5.016861,4.676009,1.717749
0.44741,5.452157,4.7938,0.178106,5.948968,5.038032,7.138555,4.795485,1.72565,7.189288,4.372617,2.382767,7.649671,5.111687,1.346366,8.818818,5.838411,2.028651,1.049626,4.980919,3.051505,1.137315,5.484052,3.80993,1.292325,6.048117,3.8586,1.527582,6.928389,3.04899,5.493292,4.424245,1.28018,4.915074,4.41148,1.673935,5.498178,4.875888,1.358703,5.0167,4.687562,1.71852
0.448188,5.44799,4.801028,0.177462,5.93902,5.037691,7.138474,4.772195,1.724682,7.189288,4.372617,2.382767,7.630763,5.162058,1.346165,8.844886,5.826597,2.030132,0.982247,5.005704,2.976136,1.137851,5.483511,3.820301,1.292325,6.048117,3.8586,1.542134,6.89444,3.112427,5.493292,4.424245,1.28018,4.912283,4.411534,1.673763,5.498217,4.87565,1.364044,5.016379,4.710666,1.720062
0.448802,5.445659,4.807422,0.177008,5.92955,5.037355,7.138743,4.763269,1.724966,7.18919,4.372226,2.392749,7.631219,5.138694,1.343991,8.87354,5.756399,2.027519,0.952529,5.009028,2.931587,1.137851,5.483511,3.820301,1.292325,6.048117,3.8586,1.539696,6.871083,3.154563,5.490492,4.424284,1.280012,4.912283,4.411534,1.673763,5.49543,4.875688,1.36388,5.016218,4.722218,1.720833
0.4492,5.439812,4.814446,0.176639,5.916734,5.036884,7.138801,4.751621,1.725054,7.189464,4.360671,2.392056,7.631458,5.123314,1.342009,8.893314,5.732581,2.03282,0.883374,5.015161,2.853288,1.137851,5.483511,3.820301,1.292325,6.048117,3.8586,1.554397,6.848997,3.185921,5.490492,4.424284,1.280012,4.912283,4.411534,1.673763,5.49543,4.875688,1.36388,5.016218,4.722218,1.720833
0.450642,5.434165,4.821769,0.176387,5.904526,5.036428,7.138448,4.74985,1.726138,7.189464,4.360671,2.392056,7.633712,5.106372,1.340698,8.906494,5.708837,2.039111,0.758391,5.017847,2.805302,1.132688,5.483521,3.825077,1.284221,6.048511,3.857987,1.528942,6.792058,3.217214,5.490492,4.424284,1.280012,4.912283,4.411534,1.673763,5.49543,4.875688,1.36388,5.016218,4.722218,1.720833
0.45241,5.428458,4.829078,0.175643,5.891557,5.035977,7.131271,4.735428,1.726031,7.186008,4.337393,2.395517,7.634969,5.090343,1.34017,8.920663,5.687633,2.043629,0.676412,5.02166,2.770155,1.132688,5.483521,3.825077,1.279596,6.047859,3.87304,1.52038,6.733321,3.265119,5.490492,4.424284,1.280012,4.912283,4.411534,1.673763,5.495507,4.875212,1.37456,5.019001,4.722168,1.721001
0.454227,5.422127,4.836251,0.176249,5.878129,5.04635,7.128979,4.725525,1.725349,7.183345,4.337313,2.397916,7.637582,5.077968,1.338703,8.93597,5.669428,2.044726,0.546213,5.024521,2.741649,1.132688,5.483521,3.825077,1.276895,6.047992,3.872837,1.484382,6.685064,3.295504,5.490492,4.424284,1.280012,4.912283,4.411534,1.673763,5.495319,4.886826,1.375372,5.019001,4.722168,1.721001
0.454943,5.415529,4.842989,0.17638,5.86655,5.051361,7.130006,4.723646,1.727718,7.180707,4.337331,2.397818,7.639684,5.06173,1.336545,8.938635,5.692824,2.127633,0.432851,5.035067,2.743655,1.132688,5.483521,3.825077,1.277154,6.047687,3.877989,1.495297,6.636209,3.331644,5.490303,4.43592,1.280833,4.909491,4.411588,1.67359,5.487635,4.886788,1.375663,5.024405,4.733621,1.72211
0.455896,5.408203,4.850022,0.177381,5.860247,5.061984,7.127814,4.716276,1.727113,7.180707,4.337331,2.397818,7.640316,5.04553,1.333506,8.940512,5.674576,2.139861,0.388153,5.066947,2.748416,1.132688,5.483521,3.825077,1.271753,6.047953,3.877585,1.563408,6.55382,3.338309,5.489736,4.470826,1.283295,4.909491,4.411588,1.67359,5.487299,4.909773,1.382625,5.024405,4.733621,1.72211
0.456601,5.399153,4.856273,0.178107,5.856219,5.078177,7.124507,4.712278,1.731795,7.176726,4.33726,2.400169,7.640859,5.033623,1.331676,8.939928,5.666617,2.148333,0.267796,5.074816,2.803758,1.129973,5.483663,3.824872,1.271753,6.047953,3.877585,1.586763,6.464416,3.319766,5.489547,4.482461,1.284116,4.909491,4.411588,1.67359,5.492909,4.909458,1.38829,5.024405,4.733621,1.72211
0.456756,5.388171,4.861385,0.179368,5.854612,5.083495,7.112807,4.678648,1.73161,7.160187,4.33736,2.400507,7.647119,5.01277,1.331531,8.953461,5.643664,2.151087,0.19586,5.072977,2.890484,1.13051,5.483121,3.835242,1.271753,6.047953,3.877585,1.619089,6.38826,3.261206,5.496863,4.505753,1.285458,4.909491,4.411588,1.67359,5.495695,4.909421,1.388455,5.024082,4.756723,1.723652
0.460611,5.457388,4.867247,0.180931,5.852501,5.0997,7.111882,4.678708,1.730292,7.14862,4.337432,2.400555,7.652947,5.009028,1.336499,8.960856,5.630168,2.150105,0.162389,5.067483,3.046549,1.125349,5.483134,3.840019,1.271753,6.047953,3.877585,1.651338,6.382552,3.168081,5.496863,4.505753,1.285458,4.909491,4.411588,1.67359,5.503939,4.920442,1.400433,5.026864,4.756674,1.723821
0.461952,5.449988,4.873263,0.187714,5.84979,5.105429,7.11188,4.65551,1.727144,7.144664,4.337458,2.400407,7.66051,5.002854,1.334278,8.978505,5.656884,2.142999,0.158873,5.028847,3.170427,1.125349,5.483134,3.840019,1.271753,6.047953,3.877585,1.662173,6.34077,3.109546,5.496863,4.505753,1.285458,4.909491,4.411588,1.67359,5.509509,4.920371,1.400765,5.026864,4.756674,1.723821
0.461961,5.448894,4.879955,0.189828,5.842609,5.115938,7.110392,4.644006,1.723433,7.144664,4.337458,2.400407,7.665189,4.99239,1.332997,9.001072,5.611626,2.118439,0.162471,4.958859,3.235303,1.122634,5.483276,3.839815,1.272012,6.047647,3.882737,1.660372,6.275835,3.069421,5.496863,4.505753,1.285458,4.909491,4.411588,1.67359,5.509509,4.920371,1.400765,5.026864,4.756674,1.723821
0.463496,5.447715,4.886159,0.190081,5.837063,5.11571,7.109639,4.643662,1.731651,7.144664,4.337458,2.400407,7.667232,4.981788,1.330477,9.007181,5.612305,2.107679,0.189568,4.955761,3.288867,1.122634,5.483276,3.839815,1.27279,6.046732,3.898191,1.658873,6.244139,3.036328,5.496673,4.517387,1.286278,4.909491,4.411588,1.67359,5.509509,4.920371,1.400765,5.026864,4.756674,1.723821
0.46529,5.444106,4.892581,0.189631,5.827935,5.115394,7.110458,4.608758,1.72934,7.144345,4.348816,2.40609,7.636531,4.893231,1.323736,9.028265,5.589576,2.092909,0.286623,4.942686,3.285603,1.122634,5.483276,3.839815,1.255818,6.045672,3.909192,1.701976,6.180727,2.99354,5.496673,4.517387,1.286278,4.909491,4.411588,1.67359,5.509509,4.920371,1.400765,5.026864,4.756674,1.723821
0.46648,5.43688,4.895224,0.188272,5.817157,5.115078,7.110458,4.608758,1.72934,7.144049,4.360269,2.409276,7.637151,4.869837,1.321792,9.040935,5.555295,2.077511,0.319888,4.942535,3.261071,1.122634,5.483276,3.839815,1.256078,6.045367,3.914342,1.734494,6.103172,2.98764,5.491079,4.517466,1.285944,4.917144,4.41164,1.673269,5.509509,4.920371,1.400765,5.026864,4.756674,1.723821
0.46832,5.430474,4.89885,0.187719,5.804476,5.114634,7.11073,4.597123,1.72857,7.144049,4.360269,2.409276,7.637637,4.858173,1.320071,9.058753,5.520494,2.06846,0.369023,4.946303,3.171633,1.122902,5.483006,3.845,1.253378,6.0455,3.91414,1.844599,6.022996,3.000142,5.480588,4.51748,1.286074,4.917144,4.41164,1.673269,5.509509,4.920371,1.400765,5.026864,4.756674,1.723821
0.470298,5.424858,4.904003,0.190102,5.791496,5.119859,7.110852,4.597299,1.724325,7.142731,4.360278,2.409227,7.638146,4.834845,1.316532,9.069944,5.497926,2.051558,0.448563,4.951066,3.100193,1.122902,5.483006,3.845,1.253899,6.04489,3.924439,1.870218,6.00918,3.027372,5.480588,4.51748,1.286074,4.932137,4.434868,1.674185,5.509509,4.920371,1.400765,5.026864,4.756674,1.723821
0.471527,5.41708,4.909338,0.190491,5.778362,5.135728,7.119214,4.573805,1.727352,7.140094,4.360296,2.409129,7.639144,4.823223,1.313847,9.073878,5.463819,2.034047,0.534507,4.977378,3.041058,1.122902,5.483006,3.845,1.253859,6.033815,3.923905,1.863577,5.940685,3.030253,5.480588,4.51748,1.286074,4.931982,4.446429,1.67496,5.509509,4.920371,1.400765,5.026864,4.756674,1.723821
0.47516,5.409226,4.915121,0.190348,5.765635,5.135258,7.119214,4.573805,1.727352,7.139822,4.371846,2.409819,7.656343,4.788042,1.309401,9.085347,5.429345,2.02077,0.566927,4.989458,3.010646,1.120188,5.483148,3.844797,1.253999,6.000285,3.927456,1.870549,5.848889,3.047533,5.480588,4.51748,1.286074,4.931808,4.469123,1.687197,5.509509,4.920371,1.400765,5.026864,4.756674,1.723821
0.481022,5.397728,4.91972,0.188673,5.752701,5.134884,7.119214,4.573805,1.727352,7.138457,4.371659,2.41476,7.656702,4.785959,1.308924,9.104268,5.394598,2.009895,0.629804,5.013378,2.974899,1.120725,5.482607,3.855164,1.254259,5.999983,3.932607,1.871182,5.780682,3.05942,5.480588,4.51748,1.286074,4.939459,4.469178,1.686883,5.509509,4.920371,1.400765,5.026864,4.756674,1.723821
0.485125,5.388864,4.922338,0.187782,5.73967,5.134453,7.12348,4.562249,1.724228,7.138457,4.371659,2.41476,7.656991,4.776459,1.305715,9.117794,5.38341,1.999009,0.708487,5.071012,2.950752,1.120725,5.482607,3.855164,1.254259,5.999983,3.932607,1.889594,5.777376,3.107617,5.472895,4.517455,1.286373,4.939459,4.469178,1.686883,5.509509,4.920371,1.400765,5.026864,4.756674,1.723821
0.463267,5.422118,4.927351,0.187795,5.732239,5.134171,7.14059,4.563041,1.712299,7.138457,4.371659,2.41476,7.657506,4.767417,1.303085,9.138653,5.348689,1.98772,0.791061,5.104663,2.898306,1.120994,5.482336,3.860347,1.254259,5.999983,3.932607,1.817921,5.850183,3.155205,5.457508,4.517404,1.286979,4.939459,4.469178,1.686883,5.509509,4.920371,1.400765,5.034511,4.756731,1.723504
0.46431,5.42183,4.932068,0.189725,5.73079,5.133985,7.152774,4.562934,1.705311,7.138457,4.371659,2.41476,7.658044,4.729673,1.301131,9.144471,5.26743,1.975738,0.884393,5.172043,2.852957,1.120899,5.460159,3.859271,1.254259,5.999983,3.932607,1.801393,6.046981,3.235538,5.444221,4.517455,1.286944,4.939303,4.480736,1.687657,5.524873,4.920442,1.40017,5.034511,4.756731,1.723504
0.46587,5.421661,4.933705,0.190142,5.731613,5.133988,7.167888,4.53959,1.704387,7.138481,4.371757,2.412265,7.659523,4.725709,1.305209,9.150928,5.209567,1.963798,0.979851,5.253786,2.769556,1.115469,5.460446,3.858867,1.25478,5.999379,3.942907,1.832244,6.203378,3.262906,5.42077,4.540638,1.289516,4.939303,4.480736,1.687657,5.524873,4.920442,1.40017,5.040075,4.756634,1.723842
0.466091,5.420147,4.934853,0.191369,5.730934,5.133878,7.168807,4.539736,1.700774,7.138481,4.371757,2.412265,7.639142,4.706452,1.294258,9.15466,5.186624,1.955096,1.011839,5.255429,2.727977,1.115469,5.460446,3.858867,1.25496,5.97693,3.946996,1.833234,6.291172,3.302885,5.42077,4.540638,1.289516,4.939148,4.492294,1.68843,5.524873,4.920442,1.40017,5.040075,4.756634,1.723842
0.466541,5.413291,4.93562,0.19256,5.730521,5.133782,7.169052,4.528087,1.70015,7.130872,4.3718,2.41246,7.640556,4.694675,1.294969,9.142938,5.164207,1.930522,1.069217,5.255247,2.713728,1.116007,5.459907,3.869234,1.255481,5.976329,3.957296,1.851168,6.354532,3.372779,5.420726,4.540856,1.284153,4.939148,4.492294,1.68843,5.524835,4.920683,1.394835,5.040075,4.756634,1.723842
0.467089,5.408607,4.938595,0.193332,5.729084,5.133675,7.169217,4.528083,1.700233,7.130895,4.371898,2.409965,7.641803,4.692547,1.294969,9.146962,5.129444,1.923721,1.171374,5.254573,2.705205,1.116276,5.459638,3.874417,1.255701,5.964957,3.961917,1.857533,6.386116,3.41004,5.420726,4.540856,1.284153,4.954138,4.515521,1.689358,5.524835,4.920683,1.394835,5.040075,4.756634,1.723842
0.46802,5.402353,4.938548,0.193588,5.728427,5.133633,7.190705,4.516303,1.700743,7.108069,4.372028,2.410565,7.642228,4.687572,1.294658,9.138211,5.095242,1.906283,1.211919,5.219145,2.749515,1.116228,5.448551,3.873881,1.255701,5.964957,3.961917,1.836162,6.431292,3.415883,5.420726,4.540856,1.284153,4.953982,4.527079,1.690132,5.524798,4.920924,1.3895,5.04756,4.768242,1.724297
0.468372,5.396632,4.938195,0.19423,5.724707,5.133449,7.191267,4.493014,1.699197,7.108069,4.372028,2.410565,7.644065,4.659534,1.292604,9.131522,5.072335,1.898287,1.295913,5.170694,2.815635,1.116228,5.448551,3.873881,1.256222,5.964356,3.972216,1.729097,6.47218,3.433821,5.420726,4.540856,1.284153,4.948096,4.550304,1.691347,5.524798,4.920924,1.3895,5.04756,4.768242,1.724297
0.467788,5.398007,4.937303,0.194379,5.720161,5.133267,7.176654,4.492867,1.703607,7.086055,4.337514,2.409119,7.646953,4.648752,1.291692,9.12656,5.043655,1.896529,1.3591,5.133673,2.86294,1.116228,5.448551,3.873881,1.256482,5.964056,3.977365,1.697291,6.473267,3.41799,5.417929,4.540894,1.283979,4.945308,4.550359,1.691182,5.524798,4.920924,1.3895,5.04756,4.768242,1.724297
0.468604,5.390227,4.936124,0.193723,5.7131,5.133045,7.17511,4.490544,1.705564,7.086055,4.337514,2.409119,7.646225,4.659538,1.292538,9.120545,5.049399,1.894957,1.404975,5.062148,2.919592,1.116228,5.448551,3.873881,1.256482,5.964056,3.977365,1.68941,6.507121,3.409933,5.417929,4.540894,1.283979,4.945308,4.550359,1.691182,5.524798,4.920924,1.3895,5.04756,4.768242,1.724297
0.468336,5.390436,4.932116,0.193034,5.701952,5.132671,7.15994,4.486751,1.705073,7.084533,4.332244,2.408849,7.649752,4.656527,1.292643,9.144649,5.034175,1.881474,1.46116,5.024389,2.992522,1.116228,5.448551,3.873881,1.256482,5.964056,3.977365,1.633331,6.542642,3.393904,5.417929,4.540894,1.283979,4.945153,4.561915,1.691955,5.524798,4.920924,1.3895,5.047235,4.791343,1.725839
0.468354,5.374934,4.930434,0.192898,5.68996,5.132228,7.160855,4.485453,1.704875,7.084141,4.328974,2.408667,7.65434,4.650931,1.292457,9.153493,5.039161,1.880193,1.485399,5.009869,3.055724,1.116228,5.448551,3.873881,1.256482,5.964056,3.977365,1.61424,6.577205,3.389011,5.417929,4.540894,1.283979,4.945153,4.561915,1.691955,5.524798,4.920924,1.3895,5.047235,4.791343,1.725839
0.468527,5.367247,4.928046,0.191974,5.677529,5.131822,7.158793,4.484182,1.709625,7.083593,4.325635,2.408485,7.656674,4.644412,1.292513,9.162087,5.016588,1.870526,1.501291,4.950733,3.13028,1.116228,5.448551,3.873881,1.256482,5.964056,3.977365,1.598102,6.611327,3.389508,5.417929,4.540894,1.283979,4.945153,4.561915,1.691955,5.52476,4.921164,1.384164,5.047235,4.791343,1.725839
0.468156,5.359721,4.922933,0.189851,5.664639,5.13148,7.155642,4.477816,1.70902,7.083053,4.32201,2.408285,7.658473,4.630991,1.291444,9.17549,5.005317,1.865799,1.494335,4.936177,3.212835,1.138817,5.415598,3.881314,1.256403,5.941917,3.97631,1.595424,6.62259,3.389889,5.417929,4.540894,1.283979,4.945153,4.561915,1.691955,5.52476,4.921164,1.384164,5.047235,4.791343,1.725839
0.468102,5.344356,4.918415,0.189946,5.653528,5.131054,7.152726,4.471809,1.708609,7.083272,4.317263,2.413002,7.662078,4.628863,1.291591,9.183173,4.987647,1.862742,1.477825,4.889632,3.266599,1.146168,5.40479,3.880341,1.256403,5.941917,3.97631,1.563763,6.656771,3.390221,5.417929,4.540894,1.283979,4.945153,4.561915,1.691955,5.52476,4.921164,1.384164,5.047235,4.791343,1.725839
0.462859,5.32089,4.915966,0.189666,5.646751,5.130817,7.15431,4.469863,1.708442,7.084108,4.313275,2.412743,7.655057,4.63605,1.292511,9.188564,4.969509,1.861723,1.464364,4.865182,3.327055,1.146168,5.40479,3.880341,1.256403,5.941917,3.97631,1.541457,6.667048,3.392201,5.417929,4.540894,1.283979,4.945153,4.561915,1.691955,5.52476,4.921164,1.384164,5.047235,4.791343,1.725839
0.463098,5.313169,4.914161,0.190194,5.642892,5.130635,7.156022,4.469136,1.708351,7.084094,4.307229,2.412387,7.658324,4.63336,1.292913,9.196599,4.950684,1.860736,1.423835,4.864431,3.347932,1.161233,5.405085,3.884657,1.256403,5.941917,3.97631,1.48062,6.665985,3.393719,5.417929,4.540894,1.283979,4.945153,4.561915,1.691955,5.532444,4.9212,1.383871,5.047235,4.791343,1.725839
0.46301,5.289929,4.911297,0.190727,5.639568,5.130474,7.158559,4.463599,1.707925,7.082986,4.305077,2.414792,7.659673,4.63126,1.29307,9.201225,4.931326,1.855228,1.37329,4.865711,3.331411,1.161233,5.405085,3.884657,1.256403,5.941917,3.97631,1.473178,6.665693,3.394194,5.417929,4.540894,1.283979,4.945153,4.561915,1.691955,5.540127,4.921236,1.38358,5.047235,4.791343,1.725839
0.463199,5.290122,4.906956,0.191685,5.637938,5.130347,7.158051,4.480997,1.709081,7.083768,4.298386,2.414375,7.658947,4.624317,1.292212,9.214387,4.915626,1.852386,1.299183,4.858289,3.28101,1.161233,5.405085,3.884657,1.256403,5.941917,3.97631,1.460674,6.664783,3.234238,5.417929,4.540894,1.283979,4.945153,4.561915,1.691955,5.540127,4.921236,1.38358,5.047235,4.791343,1.725839
0.463478,5.290162,4.905742,0.19216,5.636755,5.13027,7.15956,4.477863,1.708838,7.08369,4.295043,2.41418,7.660751,4.620904,1.291742,9.227713,4.896728,1.851556,1.215379,4.861538,3.241935,1.161233,5.405085,3.884657,1.256403,5.941917,3.97631,1.453065,6.642567,3.219132,5.417929,4.540894,1.283979,4.945153,4.561915,1.691955,5.555495,4.921308,1.383007,5.047235,4.791343,1.725839
0.464992,5.290138,4.904402,0.192229,5.636022,5.130238,7.165504,4.477186,1.708997,7.085836,4.292683,2.41416,7.660883,4.624345,1.291608,9.205441,4.972021,1.85714,1.162867,4.853311,3.202614,1.161233,5.405085,3.884657,1.256403,5.941917,3.97631,1.462524,6.599155,3.191701,5.417929,4.540894,1.283979,4.945153,4.561915,1.691955,5.555495,4.921308,1.383007,5.047235,4.791343,1.725839
0.465215,5.282555,4.899617,0.19274,5.634639,5.130151,7.164689,4.478266,1.709088,7.08638,4.291186,2.414056,7.664871,4.619604,1.291728,9.210177,4.937017,1.854995,1.064755,4.855458,3.150774,1.161233,5.405085,3.884657,1.256403,5.941917,3.97631,1.469658,6.566264,3.18418,5.417929,4.540894,1.283979,4.945153,4.561915,1.691955,5.555495,4.921308,1.383007,5.047235,4.791343,1.725839
0.465368,5.267005,4.898593,0.192908,5.63237,5.130054,7.163347,4.480969,1.709299,7.086388,4.287487,2.413838,7.665871,4.615566,1.291698,9.210586,4.925326,1.854235,1.051846,4.857668,3.113012,1.161233,5.405085,3.884657,1.256403,5.941917,3.97631,1.495389,6.492991,3.171255,5.417929,4.540894,1.283979,4.945153,4.561915,1.691955,5.555495,4.921308,1.383007,5.047235,4.791343,1.725839
0.465664,5.267031,4.897671,0.193978,5.626191,5.129748,7.164734,4.476402,1.708964,7.087119,4.283001,2.413553,7.666788,4.624324,1.292303,9.227572,4.878242,1.850796,0.933368,4.857158,3.089974,1.161233,5.405085,3.884657,1.256363,5.930846,3.975783,1.49321,6.472612,3.17616,5.417929,4.540894,1.283979,4.945153,4.561915,1.691955,5.555495,4.921308,1.383007,5.047235,4.791343,1.725839
0.486373,5.270138,4.896116,0.197808,5.582944,5.127858,7.162793,4.504254,1.710843,7.08971,4.291014,2.413954,7.666427,4.659471,1.294718,9.237701,4.807916,1.846038,0.919066,4.858351,3.0783,1.161233,5.405085,3.884657,1.256363,5.930846,3.975783,1.461542,6.461667,3.203226,5.417929,4.540894,1.283979,4.964864,4.560877,1.70913,5.555495,4.921308,1.383007,5.047072,4.802894,1.726609
0.492804,5.332498,4.898344,NaN,NaN,NaN,NaN,NaN,NaN,NaN,NaN,NaN,NaN,NaN,NaN,NaN,NaN,NaN,NaN,NaN,NaN,1.168632,5.405366,3.884226,1.267168,5.930311,3.976591,8.15604,4.984209,3.876363,5.517383,4.576153,1.282596,NaN,NaN,NaN,5.585268,4.932667,1.384825,5.291529,4.827926,1.719415
